City,Operational Management Area,Store serial number,Department code,Store name,Checklist number,Check category,Check items,Opportunity point description,Label,Opportunity point value,Deduction type,Check route,checker,Checker position,Voiding Approval Position,Voiding Submission Time,Voiding Approval Time,Report score,Store level,Check date,Check report generation time,Module_CN,Severity_Code,Severity_CN,Severity_Level,Month
New York City,Area 1,US00001,LKUS00000001,Times Square,CK-2026-1001,Store food safety self-check,Check: Personal certificate compliance requirement,Temperature log not completed for refrigerator,Personal certificate,-2,General,On-site check,Wang Fang,QA Inspector,,,,93,Pickup,2026-02-08,2026-02-08 11:08:00,人员卫生,G,G项,一般项,2026-02
New York City,Area 1,US00001,LKUS00000001,Times Square,CK-2026-1001,Store food safety self-check,Check: Storage/Maintenance of Utensils compliance requirement,No air gap in plumbing under sink,Storage/Maintenance of Utensils,-2,General,On-site check,Wang Fang,QA Inspector,,,,93,Pickup,2026-02-08,2026-02-08 11:08:00,设备与工具,G,G项,一般项,2026-02
New York City,Area 1,US00001,LKUS00000001,Times Square,CK-2026-1001,Store food safety self-check,Check: Government inspection compliance requirement,Food items stored directly on floor,Government inspection,-5,Important,On-site check,Wang Fang,QA Inspector,,,,93,Pickup,2026-02-08,2026-02-08 11:08:00,证照与规范,M,M项,重要项,2026-02
New York City,Area 1,US00001,LKUS00000001,Times Square,CK-2026-1001,Store food safety self-check,Check: Trash Cans compliance requirement,Food item past expiration date found in storage area,Trash Cans,-2,General,On-site check,Wang Fang,QA Inspector,,,,93,Pickup,2026-02-08,2026-02-08 11:08:00,环境与客区,G,G项,一般项,2026-02
New York City,Area 1,US00001,LKUS00000001,Times Square,CK-2026-1001,Store food safety self-check,Check: Storage and Inventory Transfer of Food compliance requirement,Cross contamination risk: raw and cooked food stored together,Storage and Inventory Transfer of Food,-1,Slight,On-site check,Wang Fang,QA Inspector,,,,93,Pickup,2026-02-08,2026-02-08 11:08:00,储存管理,L,L项,轻微项,2026-02
New York City,Area 1,US00001,LKUS00000001,Times Square,CK-2026-1001,Store food safety self-check,Check: Material Storage Location Specification compliance requirement,Floor not clean under the sink area,Material Storage Location Specification,-2,General,On-site check,Wang Fang,QA Inspector,,,,93,Pickup,2026-02-08,2026-02-08 11:08:00,储存管理,G,G项,一般项,2026-02
New York City,Area 1,US00002,LKUS00000002,Herald Square,CK-2026-1002,Store food safety audit,Check: License Documents compliance requirement,Handwashing station missing soap,License Documents,-1,Slight,On-site check,Zhang Wei,QA Inspector,,,,78,Relax,2026-02-12,2026-02-12 13:38:00,证照与规范,L,L项,轻微项,2026-02
New York City,Area 1,US00002,LKUS00000002,Herald Square,CK-2026-1002,Store food safety audit,Check: No pests enter compliance requirement,Personal items in food preparation area,No pests enter,-2,General,On-site check,Zhang Wei,QA Inspector,,,,78,Relax,2026-02-12,2026-02-12 13:38:00,虫害防控,G,G项,一般项,2026-02
New York City,Area 1,US00002,LKUS00000002,Herald Square,CK-2026-1002,Store food safety audit,Check: Food Processing Area compliance requirement,Employee health certificate expired,Food Processing Area,-1,Slight,On-site check,Zhang Wei,QA Inspector,,,,78,Relax,2026-02-12,2026-02-12 13:38:00,食品加工区域,L,L项,轻微项,2026-02
New York City,Area 1,US00002,LKUS00000002,Herald Square,CK-2026-1002,Store food safety audit,Check: Insect Pest Control Facilities & Suppliers compliance requirement,Floor not clean under the sink area,Insect Pest Control Facilities & Suppliers,0,Other,On-site check,Zhang Wei,QA Inspector,,,,78,Relax,2026-02-12,2026-02-12 13:38:00,虫害防控,O,其他,其他,2026-02
New York City,Area 1,US00002,LKUS00000002,Herald Square,CK-2026-1002,Store food safety audit,Check: Chemical Mark/Storage compliance requirement,Chemical storage area not properly labeled,Chemical Mark/Storage,-2,General,On-site check,Zhang Wei,QA Inspector,,,,78,Relax,2026-02-12,2026-02-12 13:38:00,化学品管理,G,G项,一般项,2026-02
New York City,Area 1,US00003,LKUS00000003,Bryant Park,CK-2026-1003,Store food safety audit,Check: Procedures for Cleaning and Disinfection compliance requirement,Food items stored directly on floor,Procedures for Cleaning and Disinfection,-1,Slight,On-site check,Li Ming,QA Inspector,,,,91,Pickup,2026-02-22,2026-02-22 12:44:00,清洁消毒,L,L项,轻微项,2026-02
New York City,Area 1,US00003,LKUS00000003,Bryant Park,CK-2026-1003,Store food safety audit,Check: Water Filtration Device compliance requirement,Cross contamination risk: raw and cooked food stored together,Water Filtration Device,-2,General,On-site check,Li Ming,QA Inspector,,,,91,Pickup,2026-02-22,2026-02-22 12:44:00,水务与管道,G,G项,一般项,2026-02
New York City,Area 1,US00003,LKUS00000003,Bryant Park,CK-2026-1003,Store food safety audit,Check: No pests enter compliance requirement,Temperature log not completed for refrigerator,No pests enter,-2,General,On-site check,Li Ming,QA Inspector,,,,91,Pickup,2026-02-22,2026-02-22 12:44:00,虫害防控,G,G项,一般项,2026-02
New York City,Area 1,US00003,LKUS00000003,Bryant Park,CK-2026-1003,Store food safety audit,Check: Cross Contamination compliance requirement,Gloves not worn during food preparation,Cross Contamination,0,Other,On-site check,Li Ming,QA Inspector,,,,91,Pickup,2026-02-22,2026-02-22 12:44:00,食品加工区域,O,其他,其他,2026-02
New York City,Area 1,US00003,LKUS00000003,Bryant Park,CK-2026-1003,Store food safety audit,Check: Grease traps&Residue traps&Sewer lines compliance requirement,Pest trap not checked in the last 30 days,Grease traps&Residue traps&Sewer lines,-5,Important,On-site check,Li Ming,QA Inspector,,,,91,Pickup,2026-02-22,2026-02-22 12:44:00,水务与管道,M,M项,重要项,2026-02
New York City,Area 1,US00003,LKUS00000003,Bryant Park,CK-2026-1003,Store food safety audit,Check: Requirements compliance requirement,Equipment not properly maintained - ice machine leaking,Requirements,-1,Slight,On-site check,Li Ming,QA Inspector,,,,91,Pickup,2026-02-22,2026-02-22 12:44:00,证照与规范,L,L项,轻微项,2026-02
New York City,Area 1,US00003,LKUS00000003,Bryant Park,CK-2026-1003,Store food safety audit,Check: Water Sinks & Pipes compliance requirement,Personal items in food preparation area,Water Sinks & Pipes,-2,General,On-site check,Li Ming,QA Inspector,,,,91,Pickup,2026-02-22,2026-02-22 12:44:00,水务与管道,G,G项,一般项,2026-02
New York City,Area 1,US00003,LKUS00000003,Bryant Park,CK-2026-1003,Store food safety audit,Check: Lights compliance requirement,Operating license not displayed visibly,Lights,0,Other,On-site check,Li Ming,QA Inspector,,,,91,Pickup,2026-02-22,2026-02-22 12:44:00,环境与客区,O,其他,其他,2026-02
New York City,Area 1,US00003,LKUS00000003,Bryant Park,CK-2026-1003,Store food safety audit,Check: Cross Contamination compliance requirement,No air gap in plumbing under sink,Cross Contamination,0,Other,On-site check,Li Ming,QA Inspector,,,,91,Pickup,2026-02-22,2026-02-22 12:44:00,食品加工区域,O,其他,其他,2026-02
New York City,Area 1,US00003,LKUS00000003,Bryant Park,CK-2026-1003,Store food safety audit,Check: Requirements compliance requirement,Floor not clean under the sink area,Requirements,-2,General,On-site check,Li Ming,QA Inspector,,,,91,Pickup,2026-02-22,2026-02-22 12:44:00,证照与规范,G,G项,一般项,2026-02
New York City,Area 1,US00003,LKUS00000003,Bryant Park,CK-2026-1003,Store food safety audit,Check: Material Storage Location Specification compliance requirement,Temperature of freezer above acceptable range,Material Storage Location Specification,-1,Slight,On-site check,Li Ming,QA Inspector,,,,91,Pickup,2026-02-22,2026-02-22 12:44:00,储存管理,L,L项,轻微项,2026-02
New York City,Area 1,US00003,LKUS00000003,Bryant Park,CK-2026-1003,Store food safety audit,Check: Procedures for Cleaning and Disinfection compliance requirement,No air gap in plumbing under sink,Procedures for Cleaning and Disinfection,-1,Slight,On-site check,Li Ming,QA Inspector,,,,91,Pickup,2026-02-22,2026-02-22 12:44:00,清洁消毒,L,L项,轻微项,2026-02
New York City,Area 1,US00003,LKUS00000003,Bryant Park,CK-2026-1003,Store food safety audit,Check: Water Sinks & Pipes compliance requirement,Floor not clean under the sink area,Water Sinks & Pipes,0,Other,On-site check,Li Ming,QA Inspector,,,,91,Pickup,2026-02-22,2026-02-22 12:44:00,水务与管道,O,其他,其他,2026-02
New York City,Area 1,US00003,LKUS00000003,Bryant Park,CK-2026-1003,Store food safety audit,Check: Personal certificate compliance requirement,Floor not clean under the sink area,Personal certificate,-1,Slight,On-site check,Li Ming,QA Inspector,,,,91,Pickup,2026-02-22,2026-02-22 12:44:00,人员卫生,L,L项,轻微项,2026-02
New York City,Area 1,US00003,LKUS00000003,Bryant Park,CK-2026-1003,Store food safety audit,Check: Insect Pest Control Facilities & Suppliers compliance requirement,Food item past expiration date found in storage area,Insect Pest Control Facilities & Suppliers,-1,Slight,On-site check,Li Ming,QA Inspector,,,,91,Pickup,2026-02-22,2026-02-22 12:44:00,虫害防控,L,L项,轻微项,2026-02
New York City,Area 1,US00003,LKUS00000003,Bryant Park,CK-2026-1004,Area food safety Check,Check: No Sign of Insect Pests compliance requirement,Equipment not properly maintained - ice machine leaking,No Sign of Insect Pests,0,Other,On-site check,Wang Fang,QA Inspector,,,,73,Pickup,2026-02-17,2026-02-17 10:32:00,虫害防控,O,其他,其他,2026-02
New York City,Area 1,US00003,LKUS00000003,Bryant Park,CK-2026-1004,Area food safety Check,Check: Employees' Health compliance requirement,Temperature of freezer above acceptable range,Employees' Health,-1,Slight,On-site check,Wang Fang,QA Inspector,,,,73,Pickup,2026-02-17,2026-02-17 10:32:00,人员卫生,L,L项,轻微项,2026-02
New York City,Area 1,US00003,LKUS00000003,Bryant Park,CK-2026-1004,Area food safety Check,Check: Expiration Date compliance requirement,Operating license not displayed visibly,Expiration Date,-1,Slight,On-site check,Wang Fang,QA Inspector,,,,73,Pickup,2026-02-17,2026-02-17 10:32:00,有效期管理,L,L项,轻微项,2026-02
New York City,Area 1,US00003,LKUS00000003,Bryant Park,CK-2026-1004,Area food safety Check,Check: No Sign of Insect Pests compliance requirement,Personal items in food preparation area,No Sign of Insect Pests,-2,General,On-site check,Wang Fang,QA Inspector,,,,73,Pickup,2026-02-17,2026-02-17 10:32:00,虫害防控,G,G项,一般项,2026-02
New York City,Area 1,US00003,LKUS00000003,Bryant Park,CK-2026-1004,Area food safety Check,Check: Handwashing Standards compliance requirement,Handwashing station missing soap,Handwashing Standards,-2,General,On-site check,Wang Fang,QA Inspector,,,,73,Pickup,2026-02-17,2026-02-17 10:32:00,清洁消毒,G,G项,一般项,2026-02
New York City,Area 1,US00003,LKUS00000003,Bryant Park,CK-2026-1004,Area food safety Check,Check: Personal certificate compliance requirement,Light fixture damaged in food prep area,Personal certificate,-1,Slight,On-site check,Wang Fang,QA Inspector,,,,73,Pickup,2026-02-17,2026-02-17 10:32:00,人员卫生,L,L项,轻微项,2026-02
New York City,Area 1,US00003,LKUS00000003,Bryant Park,CK-2026-1004,Area food safety Check,Check: No pests enter compliance requirement,Pest trap not checked in the last 30 days,No pests enter,-2,General,On-site check,Wang Fang,QA Inspector,,,,73,Pickup,2026-02-17,2026-02-17 10:32:00,虫害防控,G,G项,一般项,2026-02
New York City,Area 1,US00003,LKUS00000003,Bryant Park,CK-2026-1004,Area food safety Check,Check: Personal certificate compliance requirement,Water filter replacement date overdue,Personal certificate,-1,Slight,On-site check,Wang Fang,QA Inspector,,,,73,Pickup,2026-02-17,2026-02-17 10:32:00,人员卫生,L,L项,轻微项,2026-02
New York City,Area 1,US00003,LKUS00000003,Bryant Park,CK-2026-1004,Area food safety Check,Check: Customer Area compliance requirement,Grease trap not cleaned on schedule,Customer Area,0,Other,On-site check,Wang Fang,QA Inspector,,,,73,Pickup,2026-02-17,2026-02-17 10:32:00,环境与客区,O,其他,其他,2026-02
New York City,Area 1,US00003,LKUS00000003,Bryant Park,CK-2026-1004,Area food safety Check,Check: Workplace Safety compliance requirement,Employee health certificate expired,Workplace Safety,-1,Slight,On-site check,Wang Fang,QA Inspector,,,,73,Pickup,2026-02-17,2026-02-17 10:32:00,环境与客区,L,L项,轻微项,2026-02
New York City,Area 1,US00003,LKUS00000003,Bryant Park,CK-2026-1004,Area food safety Check,Check: Procedures for Cleaning and Disinfection compliance requirement,Personal items in food preparation area,Procedures for Cleaning and Disinfection,-2,General,On-site check,Wang Fang,QA Inspector,,,,73,Pickup,2026-02-17,2026-02-17 10:32:00,清洁消毒,G,G项,一般项,2026-02
New York City,Area 1,US00003,LKUS00000003,Bryant Park,CK-2026-1004,Area food safety Check,Check: Cross Contamination compliance requirement,Employee health certificate expired,Cross Contamination,-5,Key,On-site check,Wang Fang,QA Inspector,,,,73,Pickup,2026-02-17,2026-02-17 10:32:00,食品加工区域,S,S项,关键项,2026-02
New York City,Area 1,US00003,LKUS00000003,Bryant Park,CK-2026-1004,Area food safety Check,Check: Procedures for Cleaning and Disinfection compliance requirement,Handwashing station missing soap,Procedures for Cleaning and Disinfection,0,Other,On-site check,Wang Fang,QA Inspector,,,,73,Pickup,2026-02-17,2026-02-17 10:32:00,清洁消毒,O,其他,其他,2026-02
New York City,Area 1,US00003,LKUS00000003,Bryant Park,CK-2026-1004,Area food safety Check,Check: Avoidance of Falling Foreign Objects compliance requirement,Pest trap not checked in the last 30 days,Avoidance of Falling Foreign Objects,-2,General,On-site check,Wang Fang,QA Inspector,,,,73,Pickup,2026-02-17,2026-02-17 10:32:00,食品加工区域,G,G项,一般项,2026-02
New York City,Area 1,US00003,LKUS00000003,Bryant Park,CK-2026-1004,Area food safety Check,Check: Personal certificate compliance requirement,Employee health certificate expired,Personal certificate,-2,General,On-site check,Wang Fang,QA Inspector,,,,73,Pickup,2026-02-17,2026-02-17 10:32:00,人员卫生,G,G项,一般项,2026-02
New York City,Area 2,US00004,LKUS00000004,Wall Street,CK-2026-1005,Store food safety audit,Check: Lights compliance requirement,Floor not clean under the sink area,Lights,-1,Slight,On-site check,Li Ming,QA Inspector,,,,83,Pickup,2026-02-04,2026-02-04 09:42:00,环境与客区,L,L项,轻微项,2026-02
New York City,Area 2,US00004,LKUS00000004,Wall Street,CK-2026-1005,Store food safety audit,Check: Facility Inspection and Maintenance compliance requirement,Floor not clean under the sink area,Facility Inspection and Maintenance,-1,Slight,On-site check,Li Ming,QA Inspector,,,,83,Pickup,2026-02-04,2026-02-04 09:42:00,设备与工具,L,L项,轻微项,2026-02
New York City,Area 2,US00004,LKUS00000004,Wall Street,CK-2026-1005,Store food safety audit,Check: Water Filtration Device compliance requirement,Equipment not properly maintained - ice machine leaking,Water Filtration Device,-2,General,On-site check,Li Ming,QA Inspector,,,,83,Pickup,2026-02-04,2026-02-04 09:42:00,水务与管道,G,G项,一般项,2026-02
New York City,Area 2,US00004,LKUS00000004,Wall Street,CK-2026-1005,Store food safety audit,Check: Lights compliance requirement,Employee health certificate expired,Lights,-2,General,On-site check,Li Ming,QA Inspector,,,,83,Pickup,2026-02-04,2026-02-04 09:42:00,环境与客区,G,G项,一般项,2026-02
New York City,Area 2,US00004,LKUS00000004,Wall Street,CK-2026-1005,Store food safety audit,Check: Procedures for Cleaning and Disinfection compliance requirement,Temperature log not completed for refrigerator,Procedures for Cleaning and Disinfection,-1,Slight,On-site check,Li Ming,QA Inspector,,,,83,Pickup,2026-02-04,2026-02-04 09:42:00,清洁消毒,L,L项,轻微项,2026-02
New York City,Area 2,US00004,LKUS00000004,Wall Street,CK-2026-1005,Store food safety audit,Check: Personal certificate compliance requirement,Employee health certificate expired,Personal certificate,0,Other,On-site check,Li Ming,QA Inspector,,,,83,Pickup,2026-02-04,2026-02-04 09:42:00,人员卫生,O,其他,其他,2026-02
New York City,Area 2,US00004,LKUS00000004,Wall Street,CK-2026-1005,Store food safety audit,Check: Storage and Inventory Transfer of Food compliance requirement,Pest trap not checked in the last 30 days,Storage and Inventory Transfer of Food,-1,Slight,On-site check,Li Ming,QA Inspector,,,,83,Pickup,2026-02-04,2026-02-04 09:42:00,储存管理,L,L项,轻微项,2026-02
New York City,Area 2,US00004,LKUS00000004,Wall Street,CK-2026-1005,Store food safety audit,Check: Customer Area compliance requirement,Gloves not worn during food preparation,Customer Area,0,Other,On-site check,Li Ming,QA Inspector,,,,83,Pickup,2026-02-04,2026-02-04 09:42:00,环境与客区,O,其他,其他,2026-02
New York City,Area 2,US00004,LKUS00000004,Wall Street,CK-2026-1005,Store food safety audit,Check: Equipment and Food Processing Utensils compliance requirement,Grease trap not cleaned on schedule,Equipment and Food Processing Utensils,0,Other,On-site check,Li Ming,QA Inspector,,,,83,Pickup,2026-02-04,2026-02-04 09:42:00,设备与工具,O,其他,其他,2026-02
New York City,Area 2,US00004,LKUS00000004,Wall Street,CK-2026-1005,Store food safety audit,Check: Insect Pest Control Facilities & Suppliers compliance requirement,Equipment not properly maintained - ice machine leaking,Insect Pest Control Facilities & Suppliers,-1,Slight,On-site check,Li Ming,QA Inspector,,,,83,Pickup,2026-02-04,2026-02-04 09:42:00,虫害防控,L,L项,轻微项,2026-02
New York City,Area 2,US00004,LKUS00000004,Wall Street,CK-2026-1006,Store food safety self-check,Check: Facility Inspection and Maintenance compliance requirement,Temperature log not completed for refrigerator,Facility Inspection and Maintenance,-1,Slight,On-site check,Wang Fang,QA Inspector,,,,93,Pickup,2026-02-07,2026-02-07 08:37:00,设备与工具,L,L项,轻微项,2026-02
New York City,Area 2,US00004,LKUS00000004,Wall Street,CK-2026-1006,Store food safety self-check,Check: Unqualified Goods compliance requirement,Temperature log not completed for refrigerator,Unqualified Goods,-1,Slight,On-site check,Wang Fang,QA Inspector,,,,93,Pickup,2026-02-07,2026-02-07 08:37:00,储存管理,L,L项,轻微项,2026-02
New York City,Area 2,US00004,LKUS00000004,Wall Street,CK-2026-1006,Store food safety self-check,Check: Avoidance of Falling Foreign Objects compliance requirement,Handwashing station missing soap,Avoidance of Falling Foreign Objects,-2,General,On-site check,Wang Fang,QA Inspector,,,,93,Pickup,2026-02-07,2026-02-07 08:37:00,食品加工区域,G,G项,一般项,2026-02
New York City,Area 2,US00004,LKUS00000004,Wall Street,CK-2026-1006,Store food safety self-check,Check: Government inspection compliance requirement,Gloves not worn during food preparation,Government inspection,-5,Important,On-site check,Wang Fang,QA Inspector,,,,93,Pickup,2026-02-07,2026-02-07 08:37:00,证照与规范,M,M项,重要项,2026-02
New York City,Area 2,US00004,LKUS00000004,Wall Street,CK-2026-1006,Store food safety self-check,Check: Devices for Monitoring the Temperatures of All Refrigerators and Freezers compliance requirement,Personal items in food preparation area,Devices for Monitoring the Temperatures of All Refrigerators and Freezers,0,Other,On-site check,Wang Fang,QA Inspector,,,,93,Pickup,2026-02-07,2026-02-07 08:37:00,温控管理,O,其他,其他,2026-02
New York City,Area 2,US00004,LKUS00000004,Wall Street,CK-2026-1006,Store food safety self-check,Check: Government inspection compliance requirement,Food storage containers not labeled with date,Government inspection,-5,Important,On-site check,Wang Fang,QA Inspector,,,,93,Pickup,2026-02-07,2026-02-07 08:37:00,证照与规范,M,M项,重要项,2026-02
New York City,Area 2,US00004,LKUS00000004,Wall Street,CK-2026-1006,Store food safety self-check,Check: Unqualified Goods compliance requirement,Cross contamination risk: raw and cooked food stored together,Unqualified Goods,-1,Slight,On-site check,Wang Fang,QA Inspector,,,,93,Pickup,2026-02-07,2026-02-07 08:37:00,储存管理,L,L项,轻微项,2026-02
New York City,Area 2,US00004,LKUS00000004,Wall Street,CK-2026-1006,Store food safety self-check,"Check: Operation Stand, Shelf, Cabinet and Water Sink compliance requirement",Employee health certificate expired,"Operation Stand, Shelf, Cabinet and Water Sink",-1,Slight,On-site check,Wang Fang,QA Inspector,,,,93,Pickup,2026-02-07,2026-02-07 08:37:00,食品加工区域,L,L项,轻微项,2026-02
New York City,Area 2,US00004,LKUS00000004,Wall Street,CK-2026-1006,Store food safety self-check,Check: Water Sinks & Pipes compliance requirement,Grease trap not cleaned on schedule,Water Sinks & Pipes,-1,Slight,On-site check,Wang Fang,QA Inspector,,,,93,Pickup,2026-02-07,2026-02-07 08:37:00,水务与管道,L,L项,轻微项,2026-02
New York City,Area 2,US00004,LKUS00000004,Wall Street,CK-2026-1006,Store food safety self-check,Check: Expiration Date compliance requirement,Food item past expiration date found in storage area,Expiration Date,0,Other,On-site check,Wang Fang,QA Inspector,,,,93,Pickup,2026-02-07,2026-02-07 08:37:00,有效期管理,O,其他,其他,2026-02
New York City,Area 2,US00004,LKUS00000004,Wall Street,CK-2026-1006,Store food safety self-check,Check: License Documents compliance requirement,Handwashing station missing soap,License Documents,-1,Slight,On-site check,Wang Fang,QA Inspector,,,,93,Pickup,2026-02-07,2026-02-07 08:37:00,证照与规范,L,L项,轻微项,2026-02
New York City,Area 2,US00004,LKUS00000004,Wall Street,CK-2026-1006,Store food safety self-check,Check: Personal certificate compliance requirement,Equipment not properly maintained - ice machine leaking,Personal certificate,-2,General,On-site check,Wang Fang,QA Inspector,,,,93,Pickup,2026-02-07,2026-02-07 08:37:00,人员卫生,G,G项,一般项,2026-02
New York City,Area 2,US00004,LKUS00000004,Wall Street,CK-2026-1006,Store food safety self-check,Check: Personal Hygiene compliance requirement,Operating license not displayed visibly,Personal Hygiene,0,Other,On-site check,Wang Fang,QA Inspector,,,,93,Pickup,2026-02-07,2026-02-07 08:37:00,人员卫生,O,其他,其他,2026-02
New York City,Area 2,US00005,LKUS00000005,Midtown East,CK-2026-1007,Store food safety self-check,Check: Workplace Safety compliance requirement,Floor not clean under the sink area,Workplace Safety,0,Key,On-site check,Chen Yu,QA Inspector,,,,79,Pickup,2026-02-27,2026-02-27 16:45:00,环境与客区,S,S项,关键项,2026-02
New York City,Area 2,US00005,LKUS00000005,Midtown East,CK-2026-1007,Store food safety self-check,Check: Product Storage Conditions compliance requirement,Food items stored directly on floor,Product Storage Conditions,-2,General,On-site check,Chen Yu,QA Inspector,,,,79,Pickup,2026-02-27,2026-02-27 16:45:00,温控管理,G,G项,一般项,2026-02
New York City,Area 2,US00005,LKUS00000005,Midtown East,CK-2026-1007,Store food safety self-check,Check: Material Storage Location Specification compliance requirement,"Trash can lid broken, needs repair",Material Storage Location Specification,-2,General,On-site check,Chen Yu,QA Inspector,,,,79,Pickup,2026-02-27,2026-02-27 16:45:00,储存管理,G,G项,一般项,2026-02
New York City,Area 2,US00005,LKUS00000005,Midtown East,CK-2026-1007,Store food safety self-check,"Check: Operation Stand, Shelf, Cabinet and Water Sink compliance requirement",No air gap in plumbing under sink,"Operation Stand, Shelf, Cabinet and Water Sink",-1,Slight,On-site check,Chen Yu,QA Inspector,,,,79,Pickup,2026-02-27,2026-02-27 16:45:00,食品加工区域,L,L项,轻微项,2026-02
New York City,Area 2,US00005,LKUS00000005,Midtown East,CK-2026-1007,Store food safety self-check,Check: Requirements compliance requirement,Handwashing station missing soap,Requirements,-2,General,On-site check,Chen Yu,QA Inspector,,,,79,Pickup,2026-02-27,2026-02-27 16:45:00,证照与规范,G,G项,一般项,2026-02
New York City,Area 2,US00005,LKUS00000005,Midtown East,CK-2026-1007,Store food safety self-check,Check: Lights compliance requirement,Food item past expiration date found in storage area,Lights,0,Other,On-site check,Chen Yu,QA Inspector,,,,79,Pickup,2026-02-27,2026-02-27 16:45:00,环境与客区,O,其他,其他,2026-02
New York City,Area 2,US00005,LKUS00000005,Midtown East,CK-2026-1007,Store food safety self-check,Check: Food compliance requirement,Chemical storage area not properly labeled,Food,0,Other,On-site check,Chen Yu,QA Inspector,,,,79,Pickup,2026-02-27,2026-02-27 16:45:00,有效期管理,O,其他,其他,2026-02
New York City,Area 2,US00005,LKUS00000005,Midtown East,CK-2026-1007,Store food safety self-check,Check: Licenses and certificates compliance requirement,Food items stored directly on floor,Licenses and certificates,-1,Slight,On-site check,Chen Yu,QA Inspector,,,,79,Pickup,2026-02-27,2026-02-27 16:45:00,证照与规范,L,L项,轻微项,2026-02
New York City,Area 2,US00005,LKUS00000005,Midtown East,CK-2026-1007,Store food safety self-check,Check: Equipment and Food Processing Utensils compliance requirement,Food items stored directly on floor,Equipment and Food Processing Utensils,-2,General,On-site check,Chen Yu,QA Inspector,,,,79,Pickup,2026-02-27,2026-02-27 16:45:00,设备与工具,G,G项,一般项,2026-02
New York City,Area 2,US00005,LKUS00000005,Midtown East,CK-2026-1007,Store food safety self-check,Check: Equipment Inspection and Maintenance compliance requirement,Food storage containers not labeled with date,Equipment Inspection and Maintenance,0,Other,On-site check,Chen Yu,QA Inspector,,,,79,Pickup,2026-02-27,2026-02-27 16:45:00,设备与工具,O,其他,其他,2026-02
New York City,Area 2,US00005,LKUS00000005,Midtown East,CK-2026-1007,Store food safety self-check,Check: Product Storage Conditions compliance requirement,Temperature log not completed for refrigerator,Product Storage Conditions,-5,Important,On-site check,Chen Yu,QA Inspector,,,,79,Pickup,2026-02-27,2026-02-27 16:45:00,温控管理,M,M项,重要项,2026-02
New York City,Area 2,US00005,LKUS00000005,Midtown East,CK-2026-1007,Store food safety self-check,Check: Personal Hygiene compliance requirement,Floor not clean under the sink area,Personal Hygiene,-2,General,On-site check,Chen Yu,QA Inspector,,,,79,Pickup,2026-02-27,2026-02-27 16:45:00,人员卫生,G,G项,一般项,2026-02
New York City,Area 2,US00005,LKUS00000005,Midtown East,CK-2026-1007,Store food safety self-check,Check: Personal Hygiene compliance requirement,Temperature of freezer above acceptable range,Personal Hygiene,0,Other,On-site check,Chen Yu,QA Inspector,,,,79,Pickup,2026-02-27,2026-02-27 16:45:00,人员卫生,O,其他,其他,2026-02
New York City,Area 2,US00005,LKUS00000005,Midtown East,CK-2026-1007,Store food safety self-check,Check: Material Storage Location Specification compliance requirement,Chemical storage area not properly labeled,Material Storage Location Specification,0,Other,On-site check,Chen Yu,QA Inspector,,,,79,Pickup,2026-02-27,2026-02-27 16:45:00,储存管理,O,其他,其他,2026-02
New York City,Area 2,US00005,LKUS00000005,Midtown East,CK-2026-1008,Store food safety self-check,Check: Water Filtration Device compliance requirement,Gloves not worn during food preparation,Water Filtration Device,-2,General,On-site check,Chen Yu,QA Inspector,,,,80,Pickup,2026-02-01,2026-02-01 10:47:00,水务与管道,G,G项,一般项,2026-02
New York City,Area 2,US00005,LKUS00000005,Midtown East,CK-2026-1008,Store food safety self-check,Check: Equipment Inspection and Maintenance compliance requirement,Pest trap not checked in the last 30 days,Equipment Inspection and Maintenance,0,Other,On-site check,Chen Yu,QA Inspector,,,,80,Pickup,2026-02-01,2026-02-01 10:47:00,设备与工具,O,其他,其他,2026-02
New York City,Area 2,US00005,LKUS00000005,Midtown East,CK-2026-1008,Store food safety self-check,Check: License Documents compliance requirement,Employee health certificate expired,License Documents,-2,General,On-site check,Chen Yu,QA Inspector,,,,80,Pickup,2026-02-01,2026-02-01 10:47:00,证照与规范,G,G项,一般项,2026-02
New York City,Area 2,US00005,LKUS00000005,Midtown East,CK-2026-1008,Store food safety self-check,Check: Storage/Maintenance of Utensils compliance requirement,"Trash can lid broken, needs repair",Storage/Maintenance of Utensils,-1,Slight,On-site check,Chen Yu,QA Inspector,,,,80,Pickup,2026-02-01,2026-02-01 10:47:00,设备与工具,L,L项,轻微项,2026-02
New York City,Area 2,US00005,LKUS00000005,Midtown East,CK-2026-1008,Store food safety self-check,Check: Grease traps&Residue traps&Sewer lines compliance requirement,Operating license not displayed visibly,Grease traps&Residue traps&Sewer lines,0,Other,On-site check,Chen Yu,QA Inspector,,,,80,Pickup,2026-02-01,2026-02-01 10:47:00,水务与管道,O,其他,其他,2026-02
New York City,Area 2,US00005,LKUS00000005,Midtown East,CK-2026-1008,Store food safety self-check,Check: Avoidance of Falling Foreign Objects compliance requirement,Food item past expiration date found in storage area,Avoidance of Falling Foreign Objects,-1,Slight,On-site check,Chen Yu,QA Inspector,,,,80,Pickup,2026-02-01,2026-02-01 10:47:00,食品加工区域,L,L项,轻微项,2026-02
New York City,Area 2,US00005,LKUS00000005,Midtown East,CK-2026-1008,Store food safety self-check,Check: Devices for Monitoring the Temperatures of All Refrigerators and Freezers compliance requirement,Chemical storage area not properly labeled,Devices for Monitoring the Temperatures of All Refrigerators and Freezers,0,Other,On-site check,Chen Yu,QA Inspector,,,,80,Pickup,2026-02-01,2026-02-01 10:47:00,温控管理,O,其他,其他,2026-02
New York City,Area 2,US00005,LKUS00000005,Midtown East,CK-2026-1008,Store food safety self-check,Check: Unqualified Goods compliance requirement,Temperature log not completed for refrigerator,Unqualified Goods,0,Other,On-site check,Chen Yu,QA Inspector,,,,80,Pickup,2026-02-01,2026-02-01 10:47:00,储存管理,O,其他,其他,2026-02
New York City,Area 2,US00005,LKUS00000005,Midtown East,CK-2026-1008,Store food safety self-check,Check: Disposable Gloves and Blue Bandages compliance requirement,"Trash can lid broken, needs repair",Disposable Gloves and Blue Bandages,-1,Slight,On-site check,Chen Yu,QA Inspector,,,,80,Pickup,2026-02-01,2026-02-01 10:47:00,清洁消毒,L,L项,轻微项,2026-02
New York City,Area 2,US00005,LKUS00000005,Midtown East,CK-2026-1008,Store food safety self-check,Check: Lights compliance requirement,Gloves not worn during food preparation,Lights,-1,Slight,On-site check,Chen Yu,QA Inspector,,,,80,Pickup,2026-02-01,2026-02-01 10:47:00,环境与客区,L,L项,轻微项,2026-02
New York City,Area 2,US00005,LKUS00000005,Midtown East,CK-2026-1008,Store food safety self-check,Check: Potable Water Supply is Adequate compliance requirement,Food storage containers not labeled with date,Potable Water Supply is Adequate,-2,General,On-site check,Chen Yu,QA Inspector,,,,80,Pickup,2026-02-01,2026-02-01 10:47:00,水务与管道,G,G项,一般项,2026-02
New York City,Area 2,US00006,LKUS00000006,28th & 6th,CK-2026-1009,Area food safety Check,Check: Expiration Date compliance requirement,Water filter replacement date overdue,Expiration Date,-1,Slight,On-site check,Li Ming,QA Inspector,,,,91,Relax,2026-02-12,2026-02-12 14:04:00,有效期管理,L,L项,轻微项,2026-02
New York City,Area 2,US00006,LKUS00000006,28th & 6th,CK-2026-1009,Area food safety Check,Check: Avoidance of Falling Foreign Objects compliance requirement,"Trash can lid broken, needs repair",Avoidance of Falling Foreign Objects,-2,General,On-site check,Li Ming,QA Inspector,,,,91,Relax,2026-02-12,2026-02-12 14:04:00,食品加工区域,G,G项,一般项,2026-02
New York City,Area 2,US00006,LKUS00000006,28th & 6th,CK-2026-1009,Area food safety Check,Check: Customer Area compliance requirement,Pest trap not checked in the last 30 days,Customer Area,-1,Slight,On-site check,Li Ming,QA Inspector,,,,91,Relax,2026-02-12,2026-02-12 14:04:00,环境与客区,L,L项,轻微项,2026-02
New York City,Area 2,US00006,LKUS00000006,28th & 6th,CK-2026-1009,Area food safety Check,Check: Trash Cans compliance requirement,Chemical storage area not properly labeled,Trash Cans,-1,Slight,On-site check,Li Ming,QA Inspector,,,,91,Relax,2026-02-12,2026-02-12 14:04:00,环境与客区,L,L项,轻微项,2026-02
New York City,Area 2,US00006,LKUS00000006,28th & 6th,CK-2026-1009,Area food safety Check,Check: Potable Water Supply is Adequate compliance requirement,Water filter replacement date overdue,Potable Water Supply is Adequate,-2,General,On-site check,Li Ming,QA Inspector,,,,91,Relax,2026-02-12,2026-02-12 14:04:00,水务与管道,G,G项,一般项,2026-02
New York City,Area 2,US00006,LKUS00000006,28th & 6th,CK-2026-1009,Area food safety Check,Check: Insect Pest Control Facilities & Suppliers compliance requirement,Grease trap not cleaned on schedule,Insect Pest Control Facilities & Suppliers,-2,General,On-site check,Li Ming,QA Inspector,,,,91,Relax,2026-02-12,2026-02-12 14:04:00,虫害防控,G,G项,一般项,2026-02
New York City,Area 2,US00006,LKUS00000006,28th & 6th,CK-2026-1009,Area food safety Check,Check: Licenses and certificates compliance requirement,No air gap in plumbing under sink,Licenses and certificates,-1,Slight,On-site check,Li Ming,QA Inspector,,,,91,Relax,2026-02-12,2026-02-12 14:04:00,证照与规范,L,L项,轻微项,2026-02
New York City,Area 2,US00006,LKUS00000006,28th & 6th,CK-2026-1009,Area food safety Check,Check: Operating Specifications compliance requirement,Handwashing station missing soap,Operating Specifications,0,Other,On-site check,Li Ming,QA Inspector,,,,91,Relax,2026-02-12,2026-02-12 14:04:00,证照与规范,O,其他,其他,2026-02
New York City,Area 2,US00006,LKUS00000006,28th & 6th,CK-2026-1009,Area food safety Check,Check: Insect Pest Control Facilities & Suppliers compliance requirement,Handwashing station missing soap,Insect Pest Control Facilities & Suppliers,-1,Slight,On-site check,Li Ming,QA Inspector,,,,91,Relax,2026-02-12,2026-02-12 14:04:00,虫害防控,L,L项,轻微项,2026-02
New York City,Area 2,US00006,LKUS00000006,28th & 6th,CK-2026-1009,Area food safety Check,Check: Water Filtration Device compliance requirement,Pest trap not checked in the last 30 days,Water Filtration Device,-1,Slight,On-site check,Li Ming,QA Inspector,,,,91,Relax,2026-02-12,2026-02-12 14:04:00,水务与管道,L,L项,轻微项,2026-02
New York City,Area 3,US00007,LKUS00000007,Penn Station,CK-2026-1010,Store food safety self-check,Check: License Documents compliance requirement,Gloves not worn during food preparation,License Documents,-1,Slight,On-site check,Zhang Wei,QA Inspector,,,,97,Pickup,2026-02-08,2026-02-08 15:39:00,证照与规范,L,L项,轻微项,2026-02
New York City,Area 3,US00007,LKUS00000007,Penn Station,CK-2026-1010,Store food safety self-check,Check: Requirements compliance requirement,Food item past expiration date found in storage area,Requirements,-1,Slight,On-site check,Zhang Wei,QA Inspector,,,,97,Pickup,2026-02-08,2026-02-08 15:39:00,证照与规范,L,L项,轻微项,2026-02
New York City,Area 3,US00007,LKUS00000007,Penn Station,CK-2026-1010,Store food safety self-check,Check: Disposable Gloves and Blue Bandages compliance requirement,Chemical storage area not properly labeled,Disposable Gloves and Blue Bandages,0,Other,On-site check,Zhang Wei,QA Inspector,,,,97,Pickup,2026-02-08,2026-02-08 15:39:00,清洁消毒,O,其他,其他,2026-02
New York City,Area 3,US00007,LKUS00000007,Penn Station,CK-2026-1010,Store food safety self-check,Check: Workplace Safety compliance requirement,Floor not clean under the sink area,Workplace Safety,-1,Slight,On-site check,Zhang Wei,QA Inspector,,,,97,Pickup,2026-02-08,2026-02-08 15:39:00,环境与客区,L,L项,轻微项,2026-02
New York City,Area 3,US00007,LKUS00000007,Penn Station,CK-2026-1010,Store food safety self-check,Check: License Documents compliance requirement,No air gap in plumbing under sink,License Documents,-2,General,On-site check,Zhang Wei,QA Inspector,,,,97,Pickup,2026-02-08,2026-02-08 15:39:00,证照与规范,G,G项,一般项,2026-02
New York City,Area 3,US00007,LKUS00000007,Penn Station,CK-2026-1010,Store food safety self-check,Check: No pests enter compliance requirement,Temperature of freezer above acceptable range,No pests enter,-1,Slight,On-site check,Zhang Wei,QA Inspector,,,,97,Pickup,2026-02-08,2026-02-08 15:39:00,虫害防控,L,L项,轻微项,2026-02
New York City,Area 3,US00008,LKUS00000054,JFK Terminal 1,CK-2026-1011,Area food safety Check,Check: Grease traps&Residue traps&Sewer lines compliance requirement,Employee health certificate expired,Grease traps&Residue traps&Sewer lines,-1,Slight,On-site check,Chen Yu,QA Inspector,,,,78,Pickup,2026-02-06,2026-02-06 15:28:00,水务与管道,L,L项,轻微项,2026-02
New York City,Area 3,US00008,LKUS00000054,JFK Terminal 1,CK-2026-1011,Area food safety Check,Check: Grease traps&Residue traps&Sewer lines compliance requirement,Employee health certificate expired,Grease traps&Residue traps&Sewer lines,-1,Slight,On-site check,Chen Yu,QA Inspector,,,,78,Pickup,2026-02-06,2026-02-06 15:28:00,水务与管道,L,L项,轻微项,2026-02
New York City,Area 3,US00008,LKUS00000054,JFK Terminal 1,CK-2026-1011,Area food safety Check,Check: Grease traps&Residue traps&Sewer lines compliance requirement,Equipment not properly maintained - ice machine leaking,Grease traps&Residue traps&Sewer lines,-2,General,On-site check,Chen Yu,QA Inspector,,,,78,Pickup,2026-02-06,2026-02-06 15:28:00,水务与管道,G,G项,一般项,2026-02
New York City,Area 3,US00008,LKUS00000054,JFK Terminal 1,CK-2026-1011,Area food safety Check,Check: Material Storage Location Specification compliance requirement,Pest trap not checked in the last 30 days,Material Storage Location Specification,-2,General,On-site check,Chen Yu,QA Inspector,,,,78,Pickup,2026-02-06,2026-02-06 15:28:00,储存管理,G,G项,一般项,2026-02
New York City,Area 3,US00008,LKUS00000054,JFK Terminal 1,CK-2026-1011,Area food safety Check,Check: Procedures for Cleaning and Disinfection compliance requirement,Food items stored directly on floor,Procedures for Cleaning and Disinfection,-1,Slight,On-site check,Chen Yu,QA Inspector,,,,78,Pickup,2026-02-06,2026-02-06 15:28:00,清洁消毒,L,L项,轻微项,2026-02
New York City,Area 3,US00008,LKUS00000054,JFK Terminal 1,CK-2026-1011,Area food safety Check,Check: License Documents compliance requirement,Food storage containers not labeled with date,License Documents,-1,Slight,On-site check,Chen Yu,QA Inspector,,,,78,Pickup,2026-02-06,2026-02-06 15:28:00,证照与规范,L,L项,轻微项,2026-02
New York City,Area 3,US00008,LKUS00000054,JFK Terminal 1,CK-2026-1011,Area food safety Check,Check: Chemical Mark/Storage compliance requirement,Personal items in food preparation area,Chemical Mark/Storage,0,Other,On-site check,Chen Yu,QA Inspector,,,,78,Pickup,2026-02-06,2026-02-06 15:28:00,化学品管理,O,其他,其他,2026-02
New York City,Area 3,US00008,LKUS00000054,JFK Terminal 1,CK-2026-1011,Area food safety Check,Check: Chemical Mark/Storage compliance requirement,Water filter replacement date overdue,Chemical Mark/Storage,-1,Slight,On-site check,Chen Yu,QA Inspector,,,,78,Pickup,2026-02-06,2026-02-06 15:28:00,化学品管理,L,L项,轻微项,2026-02
New York City,Area 3,US00008,LKUS00000054,JFK Terminal 1,CK-2026-1012,Store food safety audit,Check: Requirements compliance requirement,Light fixture damaged in food prep area,Requirements,-2,General,On-site check,Chen Yu,QA Inspector,,,,89,Pickup,2026-02-18,2026-02-18 16:51:00,证照与规范,G,G项,一般项,2026-02
New York City,Area 3,US00008,LKUS00000054,JFK Terminal 1,CK-2026-1012,Store food safety audit,Check: Storage/Maintenance of Utensils compliance requirement,Chemical storage area not properly labeled,Storage/Maintenance of Utensils,-1,Slight,On-site check,Chen Yu,QA Inspector,,,,89,Pickup,2026-02-18,2026-02-18 16:51:00,设备与工具,L,L项,轻微项,2026-02
New York City,Area 3,US00008,LKUS00000054,JFK Terminal 1,CK-2026-1012,Store food safety audit,Check: License Documents compliance requirement,Gloves not worn during food preparation,License Documents,0,Other,On-site check,Chen Yu,QA Inspector,,,,89,Pickup,2026-02-18,2026-02-18 16:51:00,证照与规范,O,其他,其他,2026-02
New York City,Area 3,US00008,LKUS00000054,JFK Terminal 1,CK-2026-1012,Store food safety audit,Check: Unqualified Goods compliance requirement,Handwashing station missing soap,Unqualified Goods,-1,Slight,On-site check,Chen Yu,QA Inspector,,,,89,Pickup,2026-02-18,2026-02-18 16:51:00,储存管理,L,L项,轻微项,2026-02
New York City,Area 3,US00008,LKUS00000054,JFK Terminal 1,CK-2026-1012,Store food safety audit,Check: Lights compliance requirement,Chemical storage area not properly labeled,Lights,-2,General,On-site check,Chen Yu,QA Inspector,,,,89,Pickup,2026-02-18,2026-02-18 16:51:00,环境与客区,G,G项,一般项,2026-02
New York City,Area 3,US00008,LKUS00000054,JFK Terminal 1,CK-2026-1012,Store food safety audit,Check: Facility Inspection and Maintenance compliance requirement,Pest trap not checked in the last 30 days,Facility Inspection and Maintenance,-2,General,On-site check,Chen Yu,QA Inspector,,,,89,Pickup,2026-02-18,2026-02-18 16:51:00,设备与工具,G,G项,一般项,2026-02
New York City,Area 3,US00008,LKUS00000054,JFK Terminal 1,CK-2026-1012,Store food safety audit,Check: License Documents compliance requirement,Cross contamination risk: raw and cooked food stored together,License Documents,-2,General,On-site check,Chen Yu,QA Inspector,,,,89,Pickup,2026-02-18,2026-02-18 16:51:00,证照与规范,G,G项,一般项,2026-02
New York City,Area 3,US00008,LKUS00000054,JFK Terminal 1,CK-2026-1012,Store food safety audit,Check: Trash Cans compliance requirement,Light fixture damaged in food prep area,Trash Cans,-2,General,On-site check,Chen Yu,QA Inspector,,,,89,Pickup,2026-02-18,2026-02-18 16:51:00,环境与客区,G,G项,一般项,2026-02
New York City,Area 1,US00009,LKUS00000009,Columbus Circle,CK-2026-1013,Area food safety Check,Check: Equipment Inspection and Maintenance compliance requirement,Pest trap not checked in the last 30 days,Equipment Inspection and Maintenance,-1,Slight,On-site check,Zhang Wei,QA Inspector,,,,72,Relax,2026-02-12,2026-02-12 11:41:00,设备与工具,L,L项,轻微项,2026-02
New York City,Area 1,US00009,LKUS00000009,Columbus Circle,CK-2026-1013,Area food safety Check,Check: Storage/Maintenance of Utensils compliance requirement,Equipment not properly maintained - ice machine leaking,Storage/Maintenance of Utensils,-1,Slight,On-site check,Zhang Wei,QA Inspector,,,,72,Relax,2026-02-12,2026-02-12 11:41:00,设备与工具,L,L项,轻微项,2026-02
New York City,Area 1,US00009,LKUS00000009,Columbus Circle,CK-2026-1013,Area food safety Check,Check: Operating Specifications compliance requirement,Grease trap not cleaned on schedule,Operating Specifications,-1,Slight,On-site check,Zhang Wei,QA Inspector,,,,72,Relax,2026-02-12,2026-02-12 11:41:00,证照与规范,L,L项,轻微项,2026-02
New York City,Area 1,US00009,LKUS00000009,Columbus Circle,CK-2026-1013,Area food safety Check,Check: Water Sinks & Pipes compliance requirement,Temperature of freezer above acceptable range,Water Sinks & Pipes,-1,Slight,On-site check,Zhang Wei,QA Inspector,,,,72,Relax,2026-02-12,2026-02-12 11:41:00,水务与管道,L,L项,轻微项,2026-02
New York City,Area 1,US00009,LKUS00000009,Columbus Circle,CK-2026-1013,Area food safety Check,Check: Government inspection compliance requirement,Chemical storage area not properly labeled,Government inspection,0,Other,On-site check,Zhang Wei,QA Inspector,,,,72,Relax,2026-02-12,2026-02-12 11:41:00,证照与规范,O,其他,其他,2026-02
New York City,Area 1,US00009,LKUS00000009,Columbus Circle,CK-2026-1013,Area food safety Check,Check: No Sign of Insect Pests compliance requirement,Water filter replacement date overdue,No Sign of Insect Pests,-2,General,On-site check,Zhang Wei,QA Inspector,,,,72,Relax,2026-02-12,2026-02-12 11:41:00,虫害防控,G,G项,一般项,2026-02
New York City,Area 1,US00009,LKUS00000009,Columbus Circle,CK-2026-1013,Area food safety Check,Check: Potable Water Supply is Adequate compliance requirement,Gloves not worn during food preparation,Potable Water Supply is Adequate,-1,Slight,On-site check,Zhang Wei,QA Inspector,,,,72,Relax,2026-02-12,2026-02-12 11:41:00,水务与管道,L,L项,轻微项,2026-02
New York City,Area 1,US00009,LKUS00000009,Columbus Circle,CK-2026-1013,Area food safety Check,Check: Food Processing Area compliance requirement,Floor not clean under the sink area,Food Processing Area,-2,General,On-site check,Zhang Wei,QA Inspector,,,,72,Relax,2026-02-12,2026-02-12 11:41:00,食品加工区域,G,G项,一般项,2026-02
New York City,Area 1,US00009,LKUS00000009,Columbus Circle,CK-2026-1013,Area food safety Check,Check: No Sign of Insect Pests compliance requirement,Personal items in food preparation area,No Sign of Insect Pests,0,Other,On-site check,Zhang Wei,QA Inspector,,,,72,Relax,2026-02-12,2026-02-12 11:41:00,虫害防控,O,其他,其他,2026-02
New York City,Area 1,US00009,LKUS00000009,Columbus Circle,CK-2026-1013,Area food safety Check,Check: Equipment Inspection and Maintenance compliance requirement,Operating license not displayed visibly,Equipment Inspection and Maintenance,-2,General,On-site check,Zhang Wei,QA Inspector,,,,72,Relax,2026-02-12,2026-02-12 11:41:00,设备与工具,G,G项,一般项,2026-02
New York City,Area 1,US00009,LKUS00000009,Columbus Circle,CK-2026-1013,Area food safety Check,Check: Procedures for Cleaning and Disinfection compliance requirement,Food item past expiration date found in storage area,Procedures for Cleaning and Disinfection,-1,Slight,On-site check,Zhang Wei,QA Inspector,,,,72,Relax,2026-02-12,2026-02-12 11:41:00,清洁消毒,L,L项,轻微项,2026-02
New York City,Area 1,US00009,LKUS00000009,Columbus Circle,CK-2026-1013,Area food safety Check,Check: Trash Cans compliance requirement,Food storage containers not labeled with date,Trash Cans,0,Other,On-site check,Zhang Wei,QA Inspector,,,,72,Relax,2026-02-12,2026-02-12 11:41:00,环境与客区,O,其他,其他,2026-02
New York City,Area 1,US00009,LKUS00000009,Columbus Circle,CK-2026-1013,Area food safety Check,Check: Employees' Health compliance requirement,Equipment not properly maintained - ice machine leaking,Employees' Health,-1,Slight,On-site check,Zhang Wei,QA Inspector,,,,72,Relax,2026-02-12,2026-02-12 11:41:00,人员卫生,L,L项,轻微项,2026-02
New York City,Area 1,US00009,LKUS00000009,Columbus Circle,CK-2026-1013,Area food safety Check,Check: Lights compliance requirement,Temperature of freezer above acceptable range,Lights,-2,General,On-site check,Zhang Wei,QA Inspector,,,,72,Relax,2026-02-12,2026-02-12 11:41:00,环境与客区,G,G项,一般项,2026-02
New York City,Area 1,US00009,LKUS00000009,Columbus Circle,CK-2026-1013,Area food safety Check,Check: Personal certificate compliance requirement,Food storage containers not labeled with date,Personal certificate,0,Other,On-site check,Zhang Wei,QA Inspector,,,,72,Relax,2026-02-12,2026-02-12 11:41:00,人员卫生,O,其他,其他,2026-02
New York City,Area 2,US00010,LKUS00000010,Union Square,CK-2026-1014,Store food safety audit,Check: Water Filtration Device compliance requirement,"Trash can lid broken, needs repair",Water Filtration Device,-1,Slight,On-site check,Li Ming,QA Inspector,,,,98,Pickup,2026-02-27,2026-02-27 09:17:00,水务与管道,L,L项,轻微项,2026-02
New York City,Area 2,US00010,LKUS00000010,Union Square,CK-2026-1014,Store food safety audit,Check: Storage/Maintenance of Utensils compliance requirement,Chemical storage area not properly labeled,Storage/Maintenance of Utensils,-1,Slight,On-site check,Li Ming,QA Inspector,,,,98,Pickup,2026-02-27,2026-02-27 09:17:00,设备与工具,L,L项,轻微项,2026-02
New York City,Area 2,US00010,LKUS00000010,Union Square,CK-2026-1014,Store food safety audit,Check: Requirements compliance requirement,"Trash can lid broken, needs repair",Requirements,-2,General,On-site check,Li Ming,QA Inspector,,,,98,Pickup,2026-02-27,2026-02-27 09:17:00,证照与规范,G,G项,一般项,2026-02
New York City,Area 2,US00010,LKUS00000010,Union Square,CK-2026-1014,Store food safety audit,Check: Grease traps&Residue traps&Sewer lines compliance requirement,Food items stored directly on floor,Grease traps&Residue traps&Sewer lines,0,Other,On-site check,Li Ming,QA Inspector,,,,98,Pickup,2026-02-27,2026-02-27 09:17:00,水务与管道,O,其他,其他,2026-02
New York City,Area 2,US00010,LKUS00000010,Union Square,CK-2026-1014,Store food safety audit,Check: Equipment and Food Processing Utensils compliance requirement,Handwashing station missing soap,Equipment and Food Processing Utensils,-1,Slight,On-site check,Li Ming,QA Inspector,,,,98,Pickup,2026-02-27,2026-02-27 09:17:00,设备与工具,L,L项,轻微项,2026-02
New York City,Area 2,US00010,LKUS00000010,Union Square,CK-2026-1014,Store food safety audit,Check: Water Filtration Device compliance requirement,Food items stored directly on floor,Water Filtration Device,-1,Slight,On-site check,Li Ming,QA Inspector,,,,98,Pickup,2026-02-27,2026-02-27 09:17:00,水务与管道,L,L项,轻微项,2026-02
New York City,Area 2,US00010,LKUS00000010,Union Square,CK-2026-1014,Store food safety audit,Check: Water Filtration Device compliance requirement,Grease trap not cleaned on schedule,Water Filtration Device,-1,Slight,On-site check,Li Ming,QA Inspector,,,,98,Pickup,2026-02-27,2026-02-27 09:17:00,水务与管道,L,L项,轻微项,2026-02
New York City,Area 2,US00010,LKUS00000010,Union Square,CK-2026-1014,Store food safety audit,Check: Storage/Maintenance of Utensils compliance requirement,Gloves not worn during food preparation,Storage/Maintenance of Utensils,-2,General,On-site check,Li Ming,QA Inspector,,,,98,Pickup,2026-02-27,2026-02-27 09:17:00,设备与工具,G,G项,一般项,2026-02
New York City,Area 2,US00010,LKUS00000010,Union Square,CK-2026-1014,Store food safety audit,Check: Water Filtration Device compliance requirement,Light fixture damaged in food prep area,Water Filtration Device,-2,General,On-site check,Li Ming,QA Inspector,,,,98,Pickup,2026-02-27,2026-02-27 09:17:00,水务与管道,G,G项,一般项,2026-02
New York City,Area 2,US00010,LKUS00000010,Union Square,CK-2026-1014,Store food safety audit,Check: No pests enter compliance requirement,Food items stored directly on floor,No pests enter,-1,Slight,On-site check,Li Ming,QA Inspector,,,,98,Pickup,2026-02-27,2026-02-27 09:17:00,虫害防控,L,L项,轻微项,2026-02
New York City,Area 2,US00010,LKUS00000010,Union Square,CK-2026-1014,Store food safety audit,Check: Food compliance requirement,Cross contamination risk: raw and cooked food stored together,Food,-2,General,On-site check,Li Ming,QA Inspector,,,,98,Pickup,2026-02-27,2026-02-27 09:17:00,有效期管理,G,G项,一般项,2026-02
New York City,Area 2,US00010,LKUS00000010,Union Square,CK-2026-1014,Store food safety audit,Check: No Sign of Insect Pests compliance requirement,Pest trap not checked in the last 30 days,No Sign of Insect Pests,-2,General,On-site check,Li Ming,QA Inspector,,,,98,Pickup,2026-02-27,2026-02-27 09:17:00,虫害防控,G,G项,一般项,2026-02
New York City,Area 2,US00010,LKUS00000010,Union Square,CK-2026-1015,Store food safety audit,Check: Food Processing Area compliance requirement,Cross contamination risk: raw and cooked food stored together,Food Processing Area,-2,General,On-site check,Zhang Wei,QA Inspector,,,,92,Pickup,2026-02-24,2026-02-24 16:48:00,食品加工区域,G,G项,一般项,2026-02
New York City,Area 2,US00010,LKUS00000010,Union Square,CK-2026-1015,Store food safety audit,Check: Unqualified Goods compliance requirement,Floor not clean under the sink area,Unqualified Goods,0,Other,On-site check,Zhang Wei,QA Inspector,,,,92,Pickup,2026-02-24,2026-02-24 16:48:00,储存管理,O,其他,其他,2026-02
New York City,Area 2,US00010,LKUS00000010,Union Square,CK-2026-1015,Store food safety audit,Check: Food Processing Area compliance requirement,Chemical storage area not properly labeled,Food Processing Area,-2,General,On-site check,Zhang Wei,QA Inspector,,,,92,Pickup,2026-02-24,2026-02-24 16:48:00,食品加工区域,G,G项,一般项,2026-02
New York City,Area 2,US00010,LKUS00000010,Union Square,CK-2026-1015,Store food safety audit,Check: No Sign of Insect Pests compliance requirement,Cross contamination risk: raw and cooked food stored together,No Sign of Insect Pests,-5,Key,On-site check,Zhang Wei,QA Inspector,,,,92,Pickup,2026-02-24,2026-02-24 16:48:00,虫害防控,S,S项,关键项,2026-02
New York City,Area 2,US00010,LKUS00000010,Union Square,CK-2026-1015,Store food safety audit,Check: Equipment Inspection and Maintenance compliance requirement,Equipment not properly maintained - ice machine leaking,Equipment Inspection and Maintenance,0,Other,On-site check,Zhang Wei,QA Inspector,,,,92,Pickup,2026-02-24,2026-02-24 16:48:00,设备与工具,O,其他,其他,2026-02
New York City,Area 2,US00010,LKUS00000010,Union Square,CK-2026-1015,Store food safety audit,Check: Requirements compliance requirement,Personal items in food preparation area,Requirements,-2,General,On-site check,Zhang Wei,QA Inspector,,,,92,Pickup,2026-02-24,2026-02-24 16:48:00,证照与规范,G,G项,一般项,2026-02
New York City,Area 2,US00010,LKUS00000010,Union Square,CK-2026-1015,Store food safety audit,Check: Insect Pest Control Facilities & Suppliers compliance requirement,"Trash can lid broken, needs repair",Insect Pest Control Facilities & Suppliers,-1,Slight,On-site check,Zhang Wei,QA Inspector,,,,92,Pickup,2026-02-24,2026-02-24 16:48:00,虫害防控,L,L项,轻微项,2026-02
New York City,Area 1,US00001,LKUS00000001,Times Square,CK-2026-1016,Store food safety self-check,Check: Customer Area compliance requirement,Equipment not properly maintained - ice machine leaking,Customer Area,-1,Slight,On-site check,Wang Fang,QA Inspector,,,,96,Pickup,2026-03-28,2026-03-28 15:07:00,环境与客区,L,L项,轻微项,2026-03
New York City,Area 1,US00001,LKUS00000001,Times Square,CK-2026-1016,Store food safety self-check,Check: Material Storage Location Specification compliance requirement,Handwashing station missing soap,Material Storage Location Specification,0,Other,On-site check,Wang Fang,QA Inspector,,,,96,Pickup,2026-03-28,2026-03-28 15:07:00,储存管理,O,其他,其他,2026-03
New York City,Area 1,US00001,LKUS00000001,Times Square,CK-2026-1016,Store food safety self-check,Check: Water Filtration Device compliance requirement,Temperature of freezer above acceptable range,Water Filtration Device,-2,General,On-site check,Wang Fang,QA Inspector,,,,96,Pickup,2026-03-28,2026-03-28 15:07:00,水务与管道,G,G项,一般项,2026-03
New York City,Area 1,US00001,LKUS00000001,Times Square,CK-2026-1016,Store food safety self-check,Check: Government inspection compliance requirement,No air gap in plumbing under sink,Government inspection,0,Other,On-site check,Wang Fang,QA Inspector,,,,96,Pickup,2026-03-28,2026-03-28 15:07:00,证照与规范,O,其他,其他,2026-03
New York City,Area 1,US00001,LKUS00000001,Times Square,CK-2026-1016,Store food safety self-check,Check: Chemical Mark/Storage compliance requirement,Water filter replacement date overdue,Chemical Mark/Storage,-1,Slight,On-site check,Wang Fang,QA Inspector,,,,96,Pickup,2026-03-28,2026-03-28 15:07:00,化学品管理,L,L项,轻微项,2026-03
New York City,Area 1,US00001,LKUS00000001,Times Square,CK-2026-1016,Store food safety self-check,Check: Unqualified Goods compliance requirement,Personal items in food preparation area,Unqualified Goods,0,Other,On-site check,Wang Fang,QA Inspector,,,,96,Pickup,2026-03-28,2026-03-28 15:07:00,储存管理,O,其他,其他,2026-03
New York City,Area 1,US00002,LKUS00000002,Herald Square,CK-2026-1017,Area food safety Check,Check: Handwashing Standards compliance requirement,Food items stored directly on floor,Handwashing Standards,-2,General,On-site check,Zhang Wei,QA Inspector,,,,76,Relax,2026-03-25,2026-03-25 11:40:00,清洁消毒,G,G项,一般项,2026-03
New York City,Area 1,US00002,LKUS00000002,Herald Square,CK-2026-1017,Area food safety Check,Check: Procedures for Cleaning and Disinfection compliance requirement,Grease trap not cleaned on schedule,Procedures for Cleaning and Disinfection,-2,General,On-site check,Zhang Wei,QA Inspector,,,,76,Relax,2026-03-25,2026-03-25 11:40:00,清洁消毒,G,G项,一般项,2026-03
New York City,Area 1,US00002,LKUS00000002,Herald Square,CK-2026-1017,Area food safety Check,Check: Government inspection compliance requirement,Employee health certificate expired,Government inspection,-1,Slight,On-site check,Zhang Wei,QA Inspector,,,,76,Relax,2026-03-25,2026-03-25 11:40:00,证照与规范,L,L项,轻微项,2026-03
New York City,Area 1,US00002,LKUS00000002,Herald Square,CK-2026-1017,Area food safety Check,Check: Insect Pest Control Facilities & Suppliers compliance requirement,Handwashing station missing soap,Insect Pest Control Facilities & Suppliers,-1,Slight,On-site check,Zhang Wei,QA Inspector,,,,76,Relax,2026-03-25,2026-03-25 11:40:00,虫害防控,L,L项,轻微项,2026-03
New York City,Area 1,US00002,LKUS00000002,Herald Square,CK-2026-1017,Area food safety Check,Check: Cross Contamination compliance requirement,Food storage containers not labeled with date,Cross Contamination,0,Other,On-site check,Zhang Wei,QA Inspector,,,,76,Relax,2026-03-25,2026-03-25 11:40:00,食品加工区域,O,其他,其他,2026-03
New York City,Area 1,US00002,LKUS00000002,Herald Square,CK-2026-1017,Area food safety Check,Check: Devices for Monitoring the Temperatures of All Refrigerators and Freezers compliance requirement,Cross contamination risk: raw and cooked food stored together,Devices for Monitoring the Temperatures of All Refrigerators and Freezers,-1,Slight,On-site check,Zhang Wei,QA Inspector,,,,76,Relax,2026-03-25,2026-03-25 11:40:00,温控管理,L,L项,轻微项,2026-03
New York City,Area 1,US00002,LKUS00000002,Herald Square,CK-2026-1017,Area food safety Check,Check: Material Storage Location Specification compliance requirement,Water filter replacement date overdue,Material Storage Location Specification,-2,General,On-site check,Zhang Wei,QA Inspector,,,,76,Relax,2026-03-25,2026-03-25 11:40:00,储存管理,G,G项,一般项,2026-03
New York City,Area 1,US00002,LKUS00000002,Herald Square,CK-2026-1017,Area food safety Check,Check: Government inspection compliance requirement,Grease trap not cleaned on schedule,Government inspection,-1,Slight,On-site check,Zhang Wei,QA Inspector,,,,76,Relax,2026-03-25,2026-03-25 11:40:00,证照与规范,L,L项,轻微项,2026-03
New York City,Area 1,US00002,LKUS00000002,Herald Square,CK-2026-1017,Area food safety Check,Check: Devices for Monitoring the Temperatures of All Refrigerators and Freezers compliance requirement,Gloves not worn during food preparation,Devices for Monitoring the Temperatures of All Refrigerators and Freezers,-1,Slight,On-site check,Zhang Wei,QA Inspector,,,,76,Relax,2026-03-25,2026-03-25 11:40:00,温控管理,L,L项,轻微项,2026-03
New York City,Area 1,US00003,LKUS00000003,Bryant Park,CK-2026-1018,Area food safety Check,Check: Expiration Date compliance requirement,Handwashing station missing soap,Expiration Date,-1,Slight,On-site check,Chen Yu,QA Inspector,,,,71,Pickup,2026-03-15,2026-03-15 09:38:00,有效期管理,L,L项,轻微项,2026-03
New York City,Area 1,US00003,LKUS00000003,Bryant Park,CK-2026-1018,Area food safety Check,Check: Cross Contamination compliance requirement,Cross contamination risk: raw and cooked food stored together,Cross Contamination,0,Other,On-site check,Chen Yu,QA Inspector,,,,71,Pickup,2026-03-15,2026-03-15 09:38:00,食品加工区域,O,其他,其他,2026-03
New York City,Area 1,US00003,LKUS00000003,Bryant Park,CK-2026-1018,Area food safety Check,Check: Potable Water Supply is Adequate compliance requirement,Light fixture damaged in food prep area,Potable Water Supply is Adequate,-5,Important,On-site check,Chen Yu,QA Inspector,,,,71,Pickup,2026-03-15,2026-03-15 09:38:00,水务与管道,M,M项,重要项,2026-03
New York City,Area 1,US00003,LKUS00000003,Bryant Park,CK-2026-1018,Area food safety Check,Check: Workplace Safety compliance requirement,Chemical storage area not properly labeled,Workplace Safety,-1,Slight,On-site check,Chen Yu,QA Inspector,,,,71,Pickup,2026-03-15,2026-03-15 09:38:00,环境与客区,L,L项,轻微项,2026-03
New York City,Area 1,US00003,LKUS00000003,Bryant Park,CK-2026-1018,Area food safety Check,Check: Unqualified Goods compliance requirement,Handwashing station missing soap,Unqualified Goods,-1,Slight,On-site check,Chen Yu,QA Inspector,,,,71,Pickup,2026-03-15,2026-03-15 09:38:00,储存管理,L,L项,轻微项,2026-03
New York City,Area 1,US00003,LKUS00000003,Bryant Park,CK-2026-1018,Area food safety Check,Check: Operating Specifications compliance requirement,"Trash can lid broken, needs repair",Operating Specifications,-2,General,On-site check,Chen Yu,QA Inspector,,,,71,Pickup,2026-03-15,2026-03-15 09:38:00,证照与规范,G,G项,一般项,2026-03
New York City,Area 1,US00003,LKUS00000003,Bryant Park,CK-2026-1018,Area food safety Check,Check: Disposable Gloves and Blue Bandages compliance requirement,Food storage containers not labeled with date,Disposable Gloves and Blue Bandages,0,Other,On-site check,Chen Yu,QA Inspector,,,,71,Pickup,2026-03-15,2026-03-15 09:38:00,清洁消毒,O,其他,其他,2026-03
New York City,Area 1,US00003,LKUS00000003,Bryant Park,CK-2026-1018,Area food safety Check,Check: Requirements compliance requirement,Food items stored directly on floor,Requirements,-2,General,On-site check,Chen Yu,QA Inspector,,,,71,Pickup,2026-03-15,2026-03-15 09:38:00,证照与规范,G,G项,一般项,2026-03
New York City,Area 1,US00003,LKUS00000003,Bryant Park,CK-2026-1018,Area food safety Check,Check: Equipment Inspection and Maintenance compliance requirement,Cross contamination risk: raw and cooked food stored together,Equipment Inspection and Maintenance,-1,Slight,On-site check,Chen Yu,QA Inspector,,,,71,Pickup,2026-03-15,2026-03-15 09:38:00,设备与工具,L,L项,轻微项,2026-03
New York City,Area 1,US00003,LKUS00000003,Bryant Park,CK-2026-1018,Area food safety Check,Check: Expiration Date compliance requirement,No air gap in plumbing under sink,Expiration Date,-2,General,On-site check,Chen Yu,QA Inspector,,,,71,Pickup,2026-03-15,2026-03-15 09:38:00,有效期管理,G,G项,一般项,2026-03
New York City,Area 1,US00003,LKUS00000003,Bryant Park,CK-2026-1018,Area food safety Check,Check: Equipment and Food Processing Utensils compliance requirement,Food storage containers not labeled with date,Equipment and Food Processing Utensils,-1,Slight,On-site check,Chen Yu,QA Inspector,,,,71,Pickup,2026-03-15,2026-03-15 09:38:00,设备与工具,L,L项,轻微项,2026-03
New York City,Area 1,US00003,LKUS00000003,Bryant Park,CK-2026-1019,Store food safety self-check,Check: Licenses and certificates compliance requirement,Cross contamination risk: raw and cooked food stored together,Licenses and certificates,-1,Slight,On-site check,Li Ming,QA Inspector,,,,94,Pickup,2026-03-17,2026-03-17 13:39:00,证照与规范,L,L项,轻微项,2026-03
New York City,Area 1,US00003,LKUS00000003,Bryant Park,CK-2026-1019,Store food safety self-check,Check: No pests enter compliance requirement,Grease trap not cleaned on schedule,No pests enter,-2,General,On-site check,Li Ming,QA Inspector,,,,94,Pickup,2026-03-17,2026-03-17 13:39:00,虫害防控,G,G项,一般项,2026-03
New York City,Area 1,US00003,LKUS00000003,Bryant Park,CK-2026-1019,Store food safety self-check,Check: Requirements compliance requirement,Chemical storage area not properly labeled,Requirements,-2,General,On-site check,Li Ming,QA Inspector,,,,94,Pickup,2026-03-17,2026-03-17 13:39:00,证照与规范,G,G项,一般项,2026-03
New York City,Area 1,US00003,LKUS00000003,Bryant Park,CK-2026-1019,Store food safety self-check,Check: No Sign of Insect Pests compliance requirement,Handwashing station missing soap,No Sign of Insect Pests,-1,Slight,On-site check,Li Ming,QA Inspector,,,,94,Pickup,2026-03-17,2026-03-17 13:39:00,虫害防控,L,L项,轻微项,2026-03
New York City,Area 1,US00003,LKUS00000003,Bryant Park,CK-2026-1019,Store food safety self-check,Check: Cross Contamination compliance requirement,Grease trap not cleaned on schedule,Cross Contamination,0,Other,On-site check,Li Ming,QA Inspector,,,,94,Pickup,2026-03-17,2026-03-17 13:39:00,食品加工区域,O,其他,其他,2026-03
New York City,Area 1,US00003,LKUS00000003,Bryant Park,CK-2026-1019,Store food safety self-check,Check: Devices for Monitoring the Temperatures of All Refrigerators and Freezers compliance requirement,Light fixture damaged in food prep area,Devices for Monitoring the Temperatures of All Refrigerators and Freezers,-1,Slight,On-site check,Li Ming,QA Inspector,,,,94,Pickup,2026-03-17,2026-03-17 13:39:00,温控管理,L,L项,轻微项,2026-03
New York City,Area 1,US00003,LKUS00000003,Bryant Park,CK-2026-1019,Store food safety self-check,Check: Insect Pest Control Facilities & Suppliers compliance requirement,Food storage containers not labeled with date,Insect Pest Control Facilities & Suppliers,-1,Slight,On-site check,Li Ming,QA Inspector,,,,94,Pickup,2026-03-17,2026-03-17 13:39:00,虫害防控,L,L项,轻微项,2026-03
New York City,Area 1,US00003,LKUS00000003,Bryant Park,CK-2026-1019,Store food safety self-check,Check: Operating Specifications compliance requirement,Grease trap not cleaned on schedule,Operating Specifications,0,Other,On-site check,Li Ming,QA Inspector,,,,94,Pickup,2026-03-17,2026-03-17 13:39:00,证照与规范,O,其他,其他,2026-03
New York City,Area 1,US00003,LKUS00000003,Bryant Park,CK-2026-1019,Store food safety self-check,Check: No pests enter compliance requirement,Temperature of freezer above acceptable range,No pests enter,-2,General,On-site check,Li Ming,QA Inspector,,,,94,Pickup,2026-03-17,2026-03-17 13:39:00,虫害防控,G,G项,一般项,2026-03
New York City,Area 1,US00003,LKUS00000003,Bryant Park,CK-2026-1019,Store food safety self-check,Check: Avoidance of Falling Foreign Objects compliance requirement,Handwashing station missing soap,Avoidance of Falling Foreign Objects,-1,Slight,On-site check,Li Ming,QA Inspector,,,,94,Pickup,2026-03-17,2026-03-17 13:39:00,食品加工区域,L,L项,轻微项,2026-03
New York City,Area 1,US00003,LKUS00000003,Bryant Park,CK-2026-1019,Store food safety self-check,Check: Grease traps&Residue traps&Sewer lines compliance requirement,"Trash can lid broken, needs repair",Grease traps&Residue traps&Sewer lines,0,Other,On-site check,Li Ming,QA Inspector,,,,94,Pickup,2026-03-17,2026-03-17 13:39:00,水务与管道,O,其他,其他,2026-03
New York City,Area 1,US00003,LKUS00000003,Bryant Park,CK-2026-1019,Store food safety self-check,Check: Avoidance of Falling Foreign Objects compliance requirement,Water filter replacement date overdue,Avoidance of Falling Foreign Objects,-2,General,On-site check,Li Ming,QA Inspector,,,,94,Pickup,2026-03-17,2026-03-17 13:39:00,食品加工区域,G,G项,一般项,2026-03
New York City,Area 2,US00004,LKUS00000004,Wall Street,CK-2026-1020,Area food safety Check,Check: Personal Hygiene compliance requirement,Grease trap not cleaned on schedule,Personal Hygiene,-2,General,On-site check,Chen Yu,QA Inspector,,,,87,Pickup,2026-03-28,2026-03-28 10:28:00,人员卫生,G,G项,一般项,2026-03
New York City,Area 2,US00004,LKUS00000004,Wall Street,CK-2026-1020,Area food safety Check,Check: Expiration Date compliance requirement,Personal items in food preparation area,Expiration Date,0,Other,On-site check,Chen Yu,QA Inspector,,,,87,Pickup,2026-03-28,2026-03-28 10:28:00,有效期管理,O,其他,其他,2026-03
New York City,Area 2,US00004,LKUS00000004,Wall Street,CK-2026-1020,Area food safety Check,Check: Chemical Mark/Storage compliance requirement,Temperature log not completed for refrigerator,Chemical Mark/Storage,-2,General,On-site check,Chen Yu,QA Inspector,,,,87,Pickup,2026-03-28,2026-03-28 10:28:00,化学品管理,G,G项,一般项,2026-03
New York City,Area 2,US00004,LKUS00000004,Wall Street,CK-2026-1020,Area food safety Check,Check: Expiration Date compliance requirement,Gloves not worn during food preparation,Expiration Date,-1,Slight,On-site check,Chen Yu,QA Inspector,,,,87,Pickup,2026-03-28,2026-03-28 10:28:00,有效期管理,L,L项,轻微项,2026-03
New York City,Area 2,US00004,LKUS00000004,Wall Street,CK-2026-1020,Area food safety Check,Check: Material Storage Location Specification compliance requirement,Equipment not properly maintained - ice machine leaking,Material Storage Location Specification,-1,Slight,On-site check,Chen Yu,QA Inspector,,,,87,Pickup,2026-03-28,2026-03-28 10:28:00,储存管理,L,L项,轻微项,2026-03
New York City,Area 2,US00004,LKUS00000004,Wall Street,CK-2026-1020,Area food safety Check,Check: Avoidance of Falling Foreign Objects compliance requirement,Floor not clean under the sink area,Avoidance of Falling Foreign Objects,0,Other,On-site check,Chen Yu,QA Inspector,,,,87,Pickup,2026-03-28,2026-03-28 10:28:00,食品加工区域,O,其他,其他,2026-03
New York City,Area 2,US00004,LKUS00000004,Wall Street,CK-2026-1020,Area food safety Check,Check: Licenses and certificates compliance requirement,Food item past expiration date found in storage area,Licenses and certificates,-2,General,On-site check,Chen Yu,QA Inspector,,,,87,Pickup,2026-03-28,2026-03-28 10:28:00,证照与规范,G,G项,一般项,2026-03
New York City,Area 2,US00004,LKUS00000004,Wall Street,CK-2026-1020,Area food safety Check,Check: Material Storage Location Specification compliance requirement,Handwashing station missing soap,Material Storage Location Specification,-1,Slight,On-site check,Chen Yu,QA Inspector,,,,87,Pickup,2026-03-28,2026-03-28 10:28:00,储存管理,L,L项,轻微项,2026-03
New York City,Area 2,US00004,LKUS00000004,Wall Street,CK-2026-1020,Area food safety Check,Check: Operating Specifications compliance requirement,"Trash can lid broken, needs repair",Operating Specifications,0,Other,On-site check,Chen Yu,QA Inspector,,,,87,Pickup,2026-03-28,2026-03-28 10:28:00,证照与规范,O,其他,其他,2026-03
New York City,Area 2,US00004,LKUS00000004,Wall Street,CK-2026-1020,Area food safety Check,Check: Customer Area compliance requirement,Food items stored directly on floor,Customer Area,-1,Slight,On-site check,Chen Yu,QA Inspector,,,,87,Pickup,2026-03-28,2026-03-28 10:28:00,环境与客区,L,L项,轻微项,2026-03
New York City,Area 2,US00004,LKUS00000004,Wall Street,CK-2026-1020,Area food safety Check,Check: Chemical Mark/Storage compliance requirement,Food items stored directly on floor,Chemical Mark/Storage,0,Other,On-site check,Chen Yu,QA Inspector,,,,87,Pickup,2026-03-28,2026-03-28 10:28:00,化学品管理,O,其他,其他,2026-03
New York City,Area 2,US00004,LKUS00000004,Wall Street,CK-2026-1020,Area food safety Check,Check: Equipment Inspection and Maintenance compliance requirement,Water filter replacement date overdue,Equipment Inspection and Maintenance,-1,Slight,On-site check,Chen Yu,QA Inspector,,,,87,Pickup,2026-03-28,2026-03-28 10:28:00,设备与工具,L,L项,轻微项,2026-03
New York City,Area 2,US00004,LKUS00000004,Wall Street,CK-2026-1021,Store food safety self-check,Check: Licenses and certificates compliance requirement,Food item past expiration date found in storage area,Licenses and certificates,-2,General,On-site check,Zhang Wei,QA Inspector,,,,90,Pickup,2026-03-14,2026-03-14 09:48:00,证照与规范,G,G项,一般项,2026-03
New York City,Area 2,US00004,LKUS00000004,Wall Street,CK-2026-1021,Store food safety self-check,Check: Equipment Inspection and Maintenance compliance requirement,Water filter replacement date overdue,Equipment Inspection and Maintenance,-2,General,On-site check,Zhang Wei,QA Inspector,,,,90,Pickup,2026-03-14,2026-03-14 09:48:00,设备与工具,G,G项,一般项,2026-03
New York City,Area 2,US00004,LKUS00000004,Wall Street,CK-2026-1021,Store food safety self-check,Check: Personal Hygiene compliance requirement,Employee health certificate expired,Personal Hygiene,-1,Slight,On-site check,Zhang Wei,QA Inspector,,,,90,Pickup,2026-03-14,2026-03-14 09:48:00,人员卫生,L,L项,轻微项,2026-03
New York City,Area 2,US00004,LKUS00000004,Wall Street,CK-2026-1021,Store food safety self-check,Check: Workplace Safety compliance requirement,Chemical storage area not properly labeled,Workplace Safety,-1,Slight,On-site check,Zhang Wei,QA Inspector,,,,90,Pickup,2026-03-14,2026-03-14 09:48:00,环境与客区,L,L项,轻微项,2026-03
New York City,Area 2,US00004,LKUS00000004,Wall Street,CK-2026-1021,Store food safety self-check,Check: Approved Goods compliance requirement,Temperature of freezer above acceptable range,Approved Goods,-2,General,On-site check,Zhang Wei,QA Inspector,,,,90,Pickup,2026-03-14,2026-03-14 09:48:00,储存管理,G,G项,一般项,2026-03
New York City,Area 2,US00004,LKUS00000004,Wall Street,CK-2026-1021,Store food safety self-check,Check: Water Filtration Device compliance requirement,Employee health certificate expired,Water Filtration Device,-1,Slight,On-site check,Zhang Wei,QA Inspector,,,,90,Pickup,2026-03-14,2026-03-14 09:48:00,水务与管道,L,L项,轻微项,2026-03
New York City,Area 2,US00005,LKUS00000005,Midtown East,CK-2026-1022,Area food safety Check,Check: Insect Pest Control Facilities & Suppliers compliance requirement,Handwashing station missing soap,Insect Pest Control Facilities & Suppliers,-1,Slight,On-site check,Wang Fang,QA Inspector,,,,70,Pickup,2026-03-15,2026-03-15 12:42:00,虫害防控,L,L项,轻微项,2026-03
New York City,Area 2,US00005,LKUS00000005,Midtown East,CK-2026-1022,Area food safety Check,Check: Licenses and certificates compliance requirement,,Licenses and certificates,0,Other,On-site check,Wang Fang,QA Inspector,,,,70,Pickup,2026-03-15,2026-03-15 12:42:00,证照与规范,O,其他,其他,2026-03
New York City,Area 2,US00005,LKUS00000005,Midtown East,CK-2026-1022,Area food safety Check,Check: Lights compliance requirement,Water filter replacement date overdue,Lights,-1,Slight,On-site check,Wang Fang,QA Inspector,,,,70,Pickup,2026-03-15,2026-03-15 12:42:00,环境与客区,L,L项,轻微项,2026-03
New York City,Area 2,US00005,LKUS00000005,Midtown East,CK-2026-1022,Area food safety Check,Check: Food Processing Area compliance requirement,Floor not clean under the sink area,Food Processing Area,0,Other,On-site check,Wang Fang,QA Inspector,,,,70,Pickup,2026-03-15,2026-03-15 12:42:00,食品加工区域,O,其他,其他,2026-03
New York City,Area 2,US00005,LKUS00000005,Midtown East,CK-2026-1022,Area food safety Check,Check: Water Filtration Device compliance requirement,Personal items in food preparation area,Water Filtration Device,-1,Slight,On-site check,Wang Fang,QA Inspector,,,,70,Pickup,2026-03-15,2026-03-15 12:42:00,水务与管道,L,L项,轻微项,2026-03
New York City,Area 2,US00005,LKUS00000005,Midtown East,CK-2026-1022,Area food safety Check,Check: Insect Pest Control Facilities & Suppliers compliance requirement,Food item past expiration date found in storage area,Insect Pest Control Facilities & Suppliers,0,Other,On-site check,Wang Fang,QA Inspector,,,,70,Pickup,2026-03-15,2026-03-15 12:42:00,虫害防控,O,其他,其他,2026-03
New York City,Area 2,US00005,LKUS00000005,Midtown East,CK-2026-1022,Area food safety Check,Check: Customer Area compliance requirement,Temperature of freezer above acceptable range,Customer Area,-2,General,On-site check,Wang Fang,QA Inspector,,,,70,Pickup,2026-03-15,2026-03-15 12:42:00,环境与客区,G,G项,一般项,2026-03
New York City,Area 2,US00005,LKUS00000005,Midtown East,CK-2026-1022,Area food safety Check,Check: Requirements compliance requirement,Employee health certificate expired,Requirements,0,Other,On-site check,Wang Fang,QA Inspector,,,,70,Pickup,2026-03-15,2026-03-15 12:42:00,证照与规范,O,其他,其他,2026-03
New York City,Area 2,US00005,LKUS00000005,Midtown East,CK-2026-1022,Area food safety Check,Check: Government inspection compliance requirement,,Government inspection,0,Other,On-site check,Wang Fang,QA Inspector,,,,70,Pickup,2026-03-15,2026-03-15 12:42:00,证照与规范,O,其他,其他,2026-03
New York City,Area 2,US00005,LKUS00000005,Midtown East,CK-2026-1022,Area food safety Check,Check: Food Processing Area compliance requirement,Floor not clean under the sink area,Food Processing Area,-1,Slight,On-site check,Wang Fang,QA Inspector,,,,70,Pickup,2026-03-15,2026-03-15 12:42:00,食品加工区域,L,L项,轻微项,2026-03
New York City,Area 2,US00005,LKUS00000005,Midtown East,CK-2026-1022,Area food safety Check,Check: Equipment Inspection and Maintenance compliance requirement,Temperature log not completed for refrigerator,Equipment Inspection and Maintenance,-2,General,On-site check,Wang Fang,QA Inspector,,,,70,Pickup,2026-03-15,2026-03-15 12:42:00,设备与工具,G,G项,一般项,2026-03
New York City,Area 2,US00005,LKUS00000005,Midtown East,CK-2026-1022,Area food safety Check,Check: Unqualified Goods compliance requirement,Handwashing station missing soap,Unqualified Goods,-2,General,On-site check,Wang Fang,QA Inspector,,,,70,Pickup,2026-03-15,2026-03-15 12:42:00,储存管理,G,G项,一般项,2026-03
New York City,Area 2,US00005,LKUS00000005,Midtown East,CK-2026-1023,Store food safety audit,Check: Personal certificate compliance requirement,No air gap in plumbing under sink,Personal certificate,0,Other,On-site check,Wang Fang,QA Inspector,,,,76,Pickup,2026-03-24,2026-03-24 14:11:00,人员卫生,O,其他,其他,2026-03
New York City,Area 2,US00005,LKUS00000005,Midtown East,CK-2026-1023,Store food safety audit,Check: Avoidance of Falling Foreign Objects compliance requirement,Cross contamination risk: raw and cooked food stored together,Avoidance of Falling Foreign Objects,0,Other,On-site check,Wang Fang,QA Inspector,,,,76,Pickup,2026-03-24,2026-03-24 14:11:00,食品加工区域,O,其他,其他,2026-03
New York City,Area 2,US00005,LKUS00000005,Midtown East,CK-2026-1023,Store food safety audit,Check: Operating Specifications compliance requirement,"Trash can lid broken, needs repair",Operating Specifications,0,Other,On-site check,Wang Fang,QA Inspector,,,,76,Pickup,2026-03-24,2026-03-24 14:11:00,证照与规范,O,其他,其他,2026-03
New York City,Area 2,US00005,LKUS00000005,Midtown East,CK-2026-1023,Store food safety audit,Check: Devices for Monitoring the Temperatures of All Refrigerators and Freezers compliance requirement,Equipment not properly maintained - ice machine leaking,Devices for Monitoring the Temperatures of All Refrigerators and Freezers,-1,Slight,On-site check,Wang Fang,QA Inspector,,,,76,Pickup,2026-03-24,2026-03-24 14:11:00,温控管理,L,L项,轻微项,2026-03
New York City,Area 2,US00005,LKUS00000005,Midtown East,CK-2026-1023,Store food safety audit,Check: Cross Contamination compliance requirement,Food items stored directly on floor,Cross Contamination,0,Other,On-site check,Wang Fang,QA Inspector,,,,76,Pickup,2026-03-24,2026-03-24 14:11:00,食品加工区域,O,其他,其他,2026-03
New York City,Area 2,US00005,LKUS00000005,Midtown East,CK-2026-1023,Store food safety audit,Check: Employees' Health compliance requirement,Food item past expiration date found in storage area,Employees' Health,-2,General,On-site check,Wang Fang,QA Inspector,,,,76,Pickup,2026-03-24,2026-03-24 14:11:00,人员卫生,G,G项,一般项,2026-03
New York City,Area 2,US00005,LKUS00000005,Midtown East,CK-2026-1023,Store food safety audit,Check: Water Sinks & Pipes compliance requirement,Operating license not displayed visibly,Water Sinks & Pipes,-1,Slight,On-site check,Wang Fang,QA Inspector,,,,76,Pickup,2026-03-24,2026-03-24 14:11:00,水务与管道,L,L项,轻微项,2026-03
New York City,Area 2,US00006,LKUS00000006,28th & 6th,CK-2026-1024,Area food safety Check,Check: Cross Contamination compliance requirement,Temperature of freezer above acceptable range,Cross Contamination,-1,Slight,On-site check,Chen Yu,QA Inspector,,,,73,Relax,2026-03-27,2026-03-27 18:23:00,食品加工区域,L,L项,轻微项,2026-03
New York City,Area 2,US00006,LKUS00000006,28th & 6th,CK-2026-1024,Area food safety Check,Check: Cross Contamination compliance requirement,Water filter replacement date overdue,Cross Contamination,-1,Slight,On-site check,Chen Yu,QA Inspector,,,,73,Relax,2026-03-27,2026-03-27 18:23:00,食品加工区域,L,L项,轻微项,2026-03
New York City,Area 2,US00006,LKUS00000006,28th & 6th,CK-2026-1024,Area food safety Check,Check: Trash Cans compliance requirement,Temperature log not completed for refrigerator,Trash Cans,-2,General,On-site check,Chen Yu,QA Inspector,,,,73,Relax,2026-03-27,2026-03-27 18:23:00,环境与客区,G,G项,一般项,2026-03
New York City,Area 2,US00006,LKUS00000006,28th & 6th,CK-2026-1024,Area food safety Check,Check: No Sign of Insect Pests compliance requirement,Floor not clean under the sink area,No Sign of Insect Pests,0,Other,On-site check,Chen Yu,QA Inspector,,,,73,Relax,2026-03-27,2026-03-27 18:23:00,虫害防控,O,其他,其他,2026-03
New York City,Area 2,US00006,LKUS00000006,28th & 6th,CK-2026-1024,Area food safety Check,Check: Water Filtration Device compliance requirement,Gloves not worn during food preparation,Water Filtration Device,0,Other,On-site check,Chen Yu,QA Inspector,,,,73,Relax,2026-03-27,2026-03-27 18:23:00,水务与管道,O,其他,其他,2026-03
New York City,Area 2,US00006,LKUS00000006,28th & 6th,CK-2026-1024,Area food safety Check,Check: License Documents compliance requirement,Personal items in food preparation area,License Documents,-1,Slight,On-site check,Chen Yu,QA Inspector,,,,73,Relax,2026-03-27,2026-03-27 18:23:00,证照与规范,L,L项,轻微项,2026-03
New York City,Area 2,US00006,LKUS00000006,28th & 6th,CK-2026-1024,Area food safety Check,Check: Material Storage Location Specification compliance requirement,Light fixture damaged in food prep area,Material Storage Location Specification,0,Other,On-site check,Chen Yu,QA Inspector,,,,73,Relax,2026-03-27,2026-03-27 18:23:00,储存管理,O,其他,其他,2026-03
New York City,Area 2,US00006,LKUS00000006,28th & 6th,CK-2026-1024,Area food safety Check,Check: Trash Cans compliance requirement,Temperature log not completed for refrigerator,Trash Cans,0,Other,On-site check,Chen Yu,QA Inspector,,,,73,Relax,2026-03-27,2026-03-27 18:23:00,环境与客区,O,其他,其他,2026-03
New York City,Area 2,US00006,LKUS00000006,28th & 6th,CK-2026-1024,Area food safety Check,Check: Employees' Health compliance requirement,Employee health certificate expired,Employees' Health,-2,General,On-site check,Chen Yu,QA Inspector,,,,73,Relax,2026-03-27,2026-03-27 18:23:00,人员卫生,G,G项,一般项,2026-03
New York City,Area 2,US00006,LKUS00000006,28th & 6th,CK-2026-1024,Area food safety Check,Check: Employees' Health compliance requirement,Food items stored directly on floor,Employees' Health,-2,General,On-site check,Chen Yu,QA Inspector,,,,73,Relax,2026-03-27,2026-03-27 18:23:00,人员卫生,G,G项,一般项,2026-03
New York City,Area 2,US00006,LKUS00000006,28th & 6th,CK-2026-1024,Area food safety Check,Check: Personal Hygiene compliance requirement,Pest trap not checked in the last 30 days,Personal Hygiene,-5,Important,On-site check,Chen Yu,QA Inspector,,,,73,Relax,2026-03-27,2026-03-27 18:23:00,人员卫生,M,M项,重要项,2026-03
New York City,Area 2,US00006,LKUS00000006,28th & 6th,CK-2026-1024,Area food safety Check,Check: Devices for Monitoring the Temperatures of All Refrigerators and Freezers compliance requirement,Handwashing station missing soap,Devices for Monitoring the Temperatures of All Refrigerators and Freezers,0,Other,On-site check,Chen Yu,QA Inspector,,,,73,Relax,2026-03-27,2026-03-27 18:23:00,温控管理,O,其他,其他,2026-03
New York City,Area 2,US00006,LKUS00000006,28th & 6th,CK-2026-1024,Area food safety Check,"Check: Operation Stand, Shelf, Cabinet and Water Sink compliance requirement",Temperature log not completed for refrigerator,"Operation Stand, Shelf, Cabinet and Water Sink",-1,Slight,On-site check,Chen Yu,QA Inspector,,,,73,Relax,2026-03-27,2026-03-27 18:23:00,食品加工区域,L,L项,轻微项,2026-03
New York City,Area 2,US00006,LKUS00000006,28th & 6th,CK-2026-1024,Area food safety Check,Check: Food compliance requirement,Personal items in food preparation area,Food,-2,General,On-site check,Chen Yu,QA Inspector,,,,73,Relax,2026-03-27,2026-03-27 18:23:00,有效期管理,G,G项,一般项,2026-03
New York City,Area 2,US00006,LKUS00000006,28th & 6th,CK-2026-1024,Area food safety Check,"Check: Operation Stand, Shelf, Cabinet and Water Sink compliance requirement",Personal items in food preparation area,"Operation Stand, Shelf, Cabinet and Water Sink",-5,Important,On-site check,Chen Yu,QA Inspector,,,,73,Relax,2026-03-27,2026-03-27 18:23:00,食品加工区域,M,M项,重要项,2026-03
New York City,Area 2,US00006,LKUS00000006,28th & 6th,CK-2026-1025,Store food safety self-check,Check: Equipment and Food Processing Utensils compliance requirement,Equipment not properly maintained - ice machine leaking,Equipment and Food Processing Utensils,-2,General,On-site check,Li Ming,QA Inspector,,,,98,Relax,2026-03-11,2026-03-11 10:50:00,设备与工具,G,G项,一般项,2026-03
New York City,Area 2,US00006,LKUS00000006,28th & 6th,CK-2026-1025,Store food safety self-check,Check: Personal certificate compliance requirement,Floor not clean under the sink area,Personal certificate,-2,General,On-site check,Li Ming,QA Inspector,,,,98,Relax,2026-03-11,2026-03-11 10:50:00,人员卫生,G,G项,一般项,2026-03
New York City,Area 2,US00006,LKUS00000006,28th & 6th,CK-2026-1025,Store food safety self-check,Check: Storage/Maintenance of Utensils compliance requirement,Employee health certificate expired,Storage/Maintenance of Utensils,-2,General,On-site check,Li Ming,QA Inspector,,,,98,Relax,2026-03-11,2026-03-11 10:50:00,设备与工具,G,G项,一般项,2026-03
New York City,Area 2,US00006,LKUS00000006,28th & 6th,CK-2026-1025,Store food safety self-check,Check: Unqualified Goods compliance requirement,Cross contamination risk: raw and cooked food stored together,Unqualified Goods,-2,General,On-site check,Li Ming,QA Inspector,,,,98,Relax,2026-03-11,2026-03-11 10:50:00,储存管理,G,G项,一般项,2026-03
New York City,Area 2,US00006,LKUS00000006,28th & 6th,CK-2026-1025,Store food safety self-check,Check: Facility Inspection and Maintenance compliance requirement,No air gap in plumbing under sink,Facility Inspection and Maintenance,-2,General,On-site check,Li Ming,QA Inspector,,,,98,Relax,2026-03-11,2026-03-11 10:50:00,设备与工具,G,G项,一般项,2026-03
New York City,Area 2,US00006,LKUS00000006,28th & 6th,CK-2026-1025,Store food safety self-check,Check: Devices for Monitoring the Temperatures of All Refrigerators and Freezers compliance requirement,Grease trap not cleaned on schedule,Devices for Monitoring the Temperatures of All Refrigerators and Freezers,-1,Slight,On-site check,Li Ming,QA Inspector,,,,98,Relax,2026-03-11,2026-03-11 10:50:00,温控管理,L,L项,轻微项,2026-03
New York City,Area 2,US00006,LKUS00000006,28th & 6th,CK-2026-1025,Store food safety self-check,Check: Employees' Health compliance requirement,Grease trap not cleaned on schedule,Employees' Health,-1,Slight,On-site check,Li Ming,QA Inspector,,,,98,Relax,2026-03-11,2026-03-11 10:50:00,人员卫生,L,L项,轻微项,2026-03
New York City,Area 2,US00006,LKUS00000006,28th & 6th,CK-2026-1025,Store food safety self-check,Check: Avoidance of Falling Foreign Objects compliance requirement,No air gap in plumbing under sink,Avoidance of Falling Foreign Objects,-2,General,On-site check,Li Ming,QA Inspector,,,,98,Relax,2026-03-11,2026-03-11 10:50:00,食品加工区域,G,G项,一般项,2026-03
New York City,Area 2,US00006,LKUS00000006,28th & 6th,CK-2026-1025,Store food safety self-check,Check: No Sign of Insect Pests compliance requirement,Temperature log not completed for refrigerator,No Sign of Insect Pests,-1,Slight,On-site check,Li Ming,QA Inspector,,,,98,Relax,2026-03-11,2026-03-11 10:50:00,虫害防控,L,L项,轻微项,2026-03
New York City,Area 2,US00006,LKUS00000006,28th & 6th,CK-2026-1025,Store food safety self-check,Check: Operating Specifications compliance requirement,Floor not clean under the sink area,Operating Specifications,0,Other,On-site check,Li Ming,QA Inspector,,,,98,Relax,2026-03-11,2026-03-11 10:50:00,证照与规范,O,其他,其他,2026-03
New York City,Area 2,US00006,LKUS00000006,28th & 6th,CK-2026-1025,Store food safety self-check,Check: Requirements compliance requirement,Handwashing station missing soap,Requirements,-1,Slight,On-site check,Li Ming,QA Inspector,,,,98,Relax,2026-03-11,2026-03-11 10:50:00,证照与规范,L,L项,轻微项,2026-03
New York City,Area 2,US00006,LKUS00000006,28th & 6th,CK-2026-1025,Store food safety self-check,Check: Handwashing Standards compliance requirement,Handwashing station missing soap,Handwashing Standards,-2,General,On-site check,Li Ming,QA Inspector,,,,98,Relax,2026-03-11,2026-03-11 10:50:00,清洁消毒,G,G项,一般项,2026-03
New York City,Area 2,US00006,LKUS00000006,28th & 6th,CK-2026-1025,Store food safety self-check,Check: Product Storage Conditions compliance requirement,Gloves not worn during food preparation,Product Storage Conditions,-2,General,On-site check,Li Ming,QA Inspector,,,,98,Relax,2026-03-11,2026-03-11 10:50:00,温控管理,G,G项,一般项,2026-03
New York City,Area 2,US00006,LKUS00000006,28th & 6th,CK-2026-1025,Store food safety self-check,Check: Government inspection compliance requirement,No air gap in plumbing under sink,Government inspection,-1,Slight,On-site check,Li Ming,QA Inspector,,,,98,Relax,2026-03-11,2026-03-11 10:50:00,证照与规范,L,L项,轻微项,2026-03
New York City,Area 3,US00007,LKUS00000007,Penn Station,CK-2026-1026,Store food safety self-check,"Check: Operation Stand, Shelf, Cabinet and Water Sink compliance requirement",Food storage containers not labeled with date,"Operation Stand, Shelf, Cabinet and Water Sink",-1,Slight,On-site check,Zhang Wei,QA Inspector,,,,98,Pickup,2026-03-28,2026-03-28 18:41:00,食品加工区域,L,L项,轻微项,2026-03
New York City,Area 3,US00007,LKUS00000007,Penn Station,CK-2026-1026,Store food safety self-check,Check: Food compliance requirement,Food storage containers not labeled with date,Food,0,Other,On-site check,Zhang Wei,QA Inspector,,,,98,Pickup,2026-03-28,2026-03-28 18:41:00,有效期管理,O,其他,其他,2026-03
New York City,Area 3,US00007,LKUS00000007,Penn Station,CK-2026-1026,Store food safety self-check,Check: Disposable Gloves and Blue Bandages compliance requirement,Cross contamination risk: raw and cooked food stored together,Disposable Gloves and Blue Bandages,-2,General,On-site check,Zhang Wei,QA Inspector,,,,98,Pickup,2026-03-28,2026-03-28 18:41:00,清洁消毒,G,G项,一般项,2026-03
New York City,Area 3,US00007,LKUS00000007,Penn Station,CK-2026-1026,Store food safety self-check,Check: Employees' Health compliance requirement,Handwashing station missing soap,Employees' Health,0,Other,On-site check,Zhang Wei,QA Inspector,,,,98,Pickup,2026-03-28,2026-03-28 18:41:00,人员卫生,O,其他,其他,2026-03
New York City,Area 3,US00007,LKUS00000007,Penn Station,CK-2026-1026,Store food safety self-check,Check: Handwashing Standards compliance requirement,Food storage containers not labeled with date,Handwashing Standards,0,Other,On-site check,Zhang Wei,QA Inspector,,,,98,Pickup,2026-03-28,2026-03-28 18:41:00,清洁消毒,O,其他,其他,2026-03
New York City,Area 3,US00007,LKUS00000007,Penn Station,CK-2026-1026,Store food safety self-check,Check: Disposable Gloves and Blue Bandages compliance requirement,Equipment not properly maintained - ice machine leaking,Disposable Gloves and Blue Bandages,-1,Slight,On-site check,Zhang Wei,QA Inspector,,,,98,Pickup,2026-03-28,2026-03-28 18:41:00,清洁消毒,L,L项,轻微项,2026-03
New York City,Area 3,US00007,LKUS00000007,Penn Station,CK-2026-1026,Store food safety self-check,Check: No pests enter compliance requirement,Floor not clean under the sink area,No pests enter,-5,Important,On-site check,Zhang Wei,QA Inspector,,,,98,Pickup,2026-03-28,2026-03-28 18:41:00,虫害防控,M,M项,重要项,2026-03
New York City,Area 3,US00007,LKUS00000007,Penn Station,CK-2026-1026,Store food safety self-check,Check: Trash Cans compliance requirement,Temperature log not completed for refrigerator,Trash Cans,-2,General,On-site check,Zhang Wei,QA Inspector,,,,98,Pickup,2026-03-28,2026-03-28 18:41:00,环境与客区,G,G项,一般项,2026-03
New York City,Area 3,US00007,LKUS00000007,Penn Station,CK-2026-1026,Store food safety self-check,Check: Insect Pest Control Facilities & Suppliers compliance requirement,Floor not clean under the sink area,Insect Pest Control Facilities & Suppliers,-1,Slight,On-site check,Zhang Wei,QA Inspector,,,,98,Pickup,2026-03-28,2026-03-28 18:41:00,虫害防控,L,L项,轻微项,2026-03
New York City,Area 3,US00007,LKUS00000007,Penn Station,CK-2026-1026,Store food safety self-check,Check: Potable Water Supply is Adequate compliance requirement,Light fixture damaged in food prep area,Potable Water Supply is Adequate,-1,Slight,On-site check,Zhang Wei,QA Inspector,,,,98,Pickup,2026-03-28,2026-03-28 18:41:00,水务与管道,L,L项,轻微项,2026-03
New York City,Area 3,US00007,LKUS00000007,Penn Station,CK-2026-1026,Store food safety self-check,Check: Cross Contamination compliance requirement,Food items stored directly on floor,Cross Contamination,0,Other,On-site check,Zhang Wei,QA Inspector,,,,98,Pickup,2026-03-28,2026-03-28 18:41:00,食品加工区域,O,其他,其他,2026-03
New York City,Area 3,US00007,LKUS00000007,Penn Station,CK-2026-1026,Store food safety self-check,Check: Employees' Health compliance requirement,Personal items in food preparation area,Employees' Health,-2,General,On-site check,Zhang Wei,QA Inspector,,,,98,Pickup,2026-03-28,2026-03-28 18:41:00,人员卫生,G,G项,一般项,2026-03
New York City,Area 3,US00007,LKUS00000007,Penn Station,CK-2026-1026,Store food safety self-check,Check: Cross Contamination compliance requirement,Temperature of freezer above acceptable range,Cross Contamination,0,Other,On-site check,Zhang Wei,QA Inspector,,,,98,Pickup,2026-03-28,2026-03-28 18:41:00,食品加工区域,O,其他,其他,2026-03
New York City,Area 3,US00007,LKUS00000007,Penn Station,CK-2026-1027,Area food safety Check,Check: Food compliance requirement,Equipment not properly maintained - ice machine leaking,Food,-2,General,On-site check,Wang Fang,QA Inspector,,,,92,Pickup,2026-03-01,2026-03-01 10:17:00,有效期管理,G,G项,一般项,2026-03
New York City,Area 3,US00007,LKUS00000007,Penn Station,CK-2026-1027,Area food safety Check,Check: Potable Water Supply is Adequate compliance requirement,Equipment not properly maintained - ice machine leaking,Potable Water Supply is Adequate,-1,Slight,On-site check,Wang Fang,QA Inspector,,,,92,Pickup,2026-03-01,2026-03-01 10:17:00,水务与管道,L,L项,轻微项,2026-03
New York City,Area 3,US00007,LKUS00000007,Penn Station,CK-2026-1027,Area food safety Check,Check: Storage/Maintenance of Utensils compliance requirement,Gloves not worn during food preparation,Storage/Maintenance of Utensils,-2,General,On-site check,Wang Fang,QA Inspector,,,,92,Pickup,2026-03-01,2026-03-01 10:17:00,设备与工具,G,G项,一般项,2026-03
New York City,Area 3,US00007,LKUS00000007,Penn Station,CK-2026-1027,Area food safety Check,Check: Trash Cans compliance requirement,Operating license not displayed visibly,Trash Cans,-1,Slight,On-site check,Wang Fang,QA Inspector,,,,92,Pickup,2026-03-01,2026-03-01 10:17:00,环境与客区,L,L项,轻微项,2026-03
New York City,Area 3,US00007,LKUS00000007,Penn Station,CK-2026-1027,Area food safety Check,Check: No Sign of Insect Pests compliance requirement,Temperature log not completed for refrigerator,No Sign of Insect Pests,-1,Slight,On-site check,Wang Fang,QA Inspector,,,,92,Pickup,2026-03-01,2026-03-01 10:17:00,虫害防控,L,L项,轻微项,2026-03
New York City,Area 3,US00007,LKUS00000007,Penn Station,CK-2026-1027,Area food safety Check,Check: Material Storage Location Specification compliance requirement,Handwashing station missing soap,Material Storage Location Specification,-2,General,On-site check,Wang Fang,QA Inspector,,,,92,Pickup,2026-03-01,2026-03-01 10:17:00,储存管理,G,G项,一般项,2026-03
New York City,Area 3,US00007,LKUS00000007,Penn Station,CK-2026-1027,Area food safety Check,Check: Grease traps&Residue traps&Sewer lines compliance requirement,Light fixture damaged in food prep area,Grease traps&Residue traps&Sewer lines,-1,Slight,On-site check,Wang Fang,QA Inspector,,,,92,Pickup,2026-03-01,2026-03-01 10:17:00,水务与管道,L,L项,轻微项,2026-03
New York City,Area 3,US00007,LKUS00000007,Penn Station,CK-2026-1027,Area food safety Check,Check: Government inspection compliance requirement,Pest trap not checked in the last 30 days,Government inspection,-1,Slight,On-site check,Wang Fang,QA Inspector,,,,92,Pickup,2026-03-01,2026-03-01 10:17:00,证照与规范,L,L项,轻微项,2026-03
New York City,Area 3,US00007,LKUS00000007,Penn Station,CK-2026-1027,Area food safety Check,Check: Avoidance of Falling Foreign Objects compliance requirement,Floor not clean under the sink area,Avoidance of Falling Foreign Objects,-2,General,On-site check,Wang Fang,QA Inspector,,,,92,Pickup,2026-03-01,2026-03-01 10:17:00,食品加工区域,G,G项,一般项,2026-03
New York City,Area 3,US00008,LKUS00000054,JFK Terminal 1,CK-2026-1028,Area food safety Check,Check: Customer Area compliance requirement,Food item past expiration date found in storage area,Customer Area,0,Other,On-site check,Chen Yu,QA Inspector,,,,71,Pickup,2026-03-17,2026-03-17 18:19:00,环境与客区,O,其他,其他,2026-03
New York City,Area 3,US00008,LKUS00000054,JFK Terminal 1,CK-2026-1028,Area food safety Check,"Check: Operation Stand, Shelf, Cabinet and Water Sink compliance requirement",Equipment not properly maintained - ice machine leaking,"Operation Stand, Shelf, Cabinet and Water Sink",-2,General,On-site check,Chen Yu,QA Inspector,,,,71,Pickup,2026-03-17,2026-03-17 18:19:00,食品加工区域,G,G项,一般项,2026-03
New York City,Area 3,US00008,LKUS00000054,JFK Terminal 1,CK-2026-1028,Area food safety Check,Check: Water Sinks & Pipes compliance requirement,Food item past expiration date found in storage area,Water Sinks & Pipes,-2,General,On-site check,Chen Yu,QA Inspector,,,,71,Pickup,2026-03-17,2026-03-17 18:19:00,水务与管道,G,G项,一般项,2026-03
New York City,Area 3,US00008,LKUS00000054,JFK Terminal 1,CK-2026-1028,Area food safety Check,Check: Requirements compliance requirement,Equipment not properly maintained - ice machine leaking,Requirements,-1,Slight,On-site check,Chen Yu,QA Inspector,,,,71,Pickup,2026-03-17,2026-03-17 18:19:00,证照与规范,L,L项,轻微项,2026-03
New York City,Area 3,US00008,LKUS00000054,JFK Terminal 1,CK-2026-1028,Area food safety Check,Check: Chemical Mark/Storage compliance requirement,No air gap in plumbing under sink,Chemical Mark/Storage,-1,Slight,On-site check,Chen Yu,QA Inspector,,,,71,Pickup,2026-03-17,2026-03-17 18:19:00,化学品管理,L,L项,轻微项,2026-03
New York City,Area 3,US00008,LKUS00000054,JFK Terminal 1,CK-2026-1028,Area food safety Check,Check: No pests enter compliance requirement,Handwashing station missing soap,No pests enter,0,Other,On-site check,Chen Yu,QA Inspector,,,,71,Pickup,2026-03-17,2026-03-17 18:19:00,虫害防控,O,其他,其他,2026-03
New York City,Area 3,US00008,LKUS00000054,JFK Terminal 1,CK-2026-1028,Area food safety Check,Check: Customer Area compliance requirement,Food storage containers not labeled with date,Customer Area,0,Other,On-site check,Chen Yu,QA Inspector,,,,71,Pickup,2026-03-17,2026-03-17 18:19:00,环境与客区,O,其他,其他,2026-03
New York City,Area 3,US00008,LKUS00000054,JFK Terminal 1,CK-2026-1028,Area food safety Check,Check: Storage/Maintenance of Utensils compliance requirement,"Trash can lid broken, needs repair",Storage/Maintenance of Utensils,-1,Slight,On-site check,Chen Yu,QA Inspector,,,,71,Pickup,2026-03-17,2026-03-17 18:19:00,设备与工具,L,L项,轻微项,2026-03
New York City,Area 3,US00008,LKUS00000054,JFK Terminal 1,CK-2026-1029,Area food safety Check,Check: Insect Pest Control Facilities & Suppliers compliance requirement,"Trash can lid broken, needs repair",Insect Pest Control Facilities & Suppliers,-2,General,On-site check,Chen Yu,QA Inspector,,,,90,Pickup,2026-03-19,2026-03-19 14:45:00,虫害防控,G,G项,一般项,2026-03
New York City,Area 3,US00008,LKUS00000054,JFK Terminal 1,CK-2026-1029,Area food safety Check,Check: Storage and Inventory Transfer of Food compliance requirement,Operating license not displayed visibly,Storage and Inventory Transfer of Food,0,Other,On-site check,Chen Yu,QA Inspector,,,,90,Pickup,2026-03-19,2026-03-19 14:45:00,储存管理,O,其他,其他,2026-03
New York City,Area 3,US00008,LKUS00000054,JFK Terminal 1,CK-2026-1029,Area food safety Check,Check: Handwashing Standards compliance requirement,Employee health certificate expired,Handwashing Standards,-1,Slight,On-site check,Chen Yu,QA Inspector,,,,90,Pickup,2026-03-19,2026-03-19 14:45:00,清洁消毒,L,L项,轻微项,2026-03
New York City,Area 3,US00008,LKUS00000054,JFK Terminal 1,CK-2026-1029,Area food safety Check,Check: Lights compliance requirement,Gloves not worn during food preparation,Lights,-1,Slight,On-site check,Chen Yu,QA Inspector,,,,90,Pickup,2026-03-19,2026-03-19 14:45:00,环境与客区,L,L项,轻微项,2026-03
New York City,Area 3,US00008,LKUS00000054,JFK Terminal 1,CK-2026-1029,Area food safety Check,Check: No Sign of Insect Pests compliance requirement,"Trash can lid broken, needs repair",No Sign of Insect Pests,-1,Slight,On-site check,Chen Yu,QA Inspector,,,,90,Pickup,2026-03-19,2026-03-19 14:45:00,虫害防控,L,L项,轻微项,2026-03
New York City,Area 3,US00008,LKUS00000054,JFK Terminal 1,CK-2026-1029,Area food safety Check,Check: Storage and Inventory Transfer of Food compliance requirement,No air gap in plumbing under sink,Storage and Inventory Transfer of Food,-2,General,On-site check,Chen Yu,QA Inspector,,,,90,Pickup,2026-03-19,2026-03-19 14:45:00,储存管理,G,G项,一般项,2026-03
New York City,Area 3,US00008,LKUS00000054,JFK Terminal 1,CK-2026-1029,Area food safety Check,Check: Avoidance of Falling Foreign Objects compliance requirement,Operating license not displayed visibly,Avoidance of Falling Foreign Objects,-2,General,On-site check,Chen Yu,QA Inspector,,,,90,Pickup,2026-03-19,2026-03-19 14:45:00,食品加工区域,G,G项,一般项,2026-03
New York City,Area 3,US00008,LKUS00000054,JFK Terminal 1,CK-2026-1029,Area food safety Check,Check: Material Storage Location Specification compliance requirement,Cross contamination risk: raw and cooked food stored together,Material Storage Location Specification,-2,General,On-site check,Chen Yu,QA Inspector,,,,90,Pickup,2026-03-19,2026-03-19 14:45:00,储存管理,G,G项,一般项,2026-03
New York City,Area 3,US00008,LKUS00000054,JFK Terminal 1,CK-2026-1029,Area food safety Check,Check: Food Processing Area compliance requirement,Handwashing station missing soap,Food Processing Area,-2,General,On-site check,Chen Yu,QA Inspector,,,,90,Pickup,2026-03-19,2026-03-19 14:45:00,食品加工区域,G,G项,一般项,2026-03
New York City,Area 3,US00008,LKUS00000054,JFK Terminal 1,CK-2026-1029,Area food safety Check,Check: Approved Goods compliance requirement,Grease trap not cleaned on schedule,Approved Goods,0,Other,On-site check,Chen Yu,QA Inspector,,,,90,Pickup,2026-03-19,2026-03-19 14:45:00,储存管理,O,其他,其他,2026-03
New York City,Area 3,US00008,LKUS00000054,JFK Terminal 1,CK-2026-1029,Area food safety Check,Check: Potable Water Supply is Adequate compliance requirement,Personal items in food preparation area,Potable Water Supply is Adequate,-1,Slight,On-site check,Chen Yu,QA Inspector,,,,90,Pickup,2026-03-19,2026-03-19 14:45:00,水务与管道,L,L项,轻微项,2026-03
New York City,Area 1,US00009,LKUS00000009,Columbus Circle,CK-2026-1030,Area food safety Check,Check: No Sign of Insect Pests compliance requirement,Operating license not displayed visibly,No Sign of Insect Pests,0,Other,On-site check,Wang Fang,QA Inspector,,,,85,Relax,2026-03-05,2026-03-05 15:04:00,虫害防控,O,其他,其他,2026-03
New York City,Area 1,US00009,LKUS00000009,Columbus Circle,CK-2026-1030,Area food safety Check,Check: Avoidance of Falling Foreign Objects compliance requirement,Grease trap not cleaned on schedule,Avoidance of Falling Foreign Objects,-2,General,On-site check,Wang Fang,QA Inspector,,,,85,Relax,2026-03-05,2026-03-05 15:04:00,食品加工区域,G,G项,一般项,2026-03
New York City,Area 1,US00009,LKUS00000009,Columbus Circle,CK-2026-1030,Area food safety Check,Check: Equipment Inspection and Maintenance compliance requirement,Handwashing station missing soap,Equipment Inspection and Maintenance,-5,Important,On-site check,Wang Fang,QA Inspector,,,,85,Relax,2026-03-05,2026-03-05 15:04:00,设备与工具,M,M项,重要项,2026-03
New York City,Area 1,US00009,LKUS00000009,Columbus Circle,CK-2026-1030,Area food safety Check,Check: Handwashing Standards compliance requirement,Grease trap not cleaned on schedule,Handwashing Standards,-1,Slight,On-site check,Wang Fang,QA Inspector,,,,85,Relax,2026-03-05,2026-03-05 15:04:00,清洁消毒,L,L项,轻微项,2026-03
New York City,Area 1,US00009,LKUS00000009,Columbus Circle,CK-2026-1030,Area food safety Check,Check: Unqualified Goods compliance requirement,Grease trap not cleaned on schedule,Unqualified Goods,-1,Slight,On-site check,Wang Fang,QA Inspector,,,,85,Relax,2026-03-05,2026-03-05 15:04:00,储存管理,L,L项,轻微项,2026-03
New York City,Area 1,US00009,LKUS00000009,Columbus Circle,CK-2026-1030,Area food safety Check,Check: Potable Water Supply is Adequate compliance requirement,Temperature of freezer above acceptable range,Potable Water Supply is Adequate,-1,Slight,On-site check,Wang Fang,QA Inspector,,,,85,Relax,2026-03-05,2026-03-05 15:04:00,水务与管道,L,L项,轻微项,2026-03
New York City,Area 1,US00009,LKUS00000009,Columbus Circle,CK-2026-1030,Area food safety Check,Check: Operating Specifications compliance requirement,Grease trap not cleaned on schedule,Operating Specifications,-1,Slight,On-site check,Wang Fang,QA Inspector,,,,85,Relax,2026-03-05,2026-03-05 15:04:00,证照与规范,L,L项,轻微项,2026-03
New York City,Area 1,US00009,LKUS00000009,Columbus Circle,CK-2026-1030,Area food safety Check,Check: Disposable Gloves and Blue Bandages compliance requirement,Handwashing station missing soap,Disposable Gloves and Blue Bandages,0,Other,On-site check,Wang Fang,QA Inspector,,,,85,Relax,2026-03-05,2026-03-05 15:04:00,清洁消毒,O,其他,其他,2026-03
New York City,Area 1,US00009,LKUS00000009,Columbus Circle,CK-2026-1030,Area food safety Check,Check: Avoidance of Falling Foreign Objects compliance requirement,Employee health certificate expired,Avoidance of Falling Foreign Objects,-1,Slight,On-site check,Wang Fang,QA Inspector,,,,85,Relax,2026-03-05,2026-03-05 15:04:00,食品加工区域,L,L项,轻微项,2026-03
New York City,Area 1,US00009,LKUS00000009,Columbus Circle,CK-2026-1030,Area food safety Check,Check: Licenses and certificates compliance requirement,Operating license not displayed visibly,Licenses and certificates,0,Other,On-site check,Wang Fang,QA Inspector,,,,85,Relax,2026-03-05,2026-03-05 15:04:00,证照与规范,O,其他,其他,2026-03
New York City,Area 1,US00009,LKUS00000009,Columbus Circle,CK-2026-1030,Area food safety Check,Check: Employees' Health compliance requirement,Food storage containers not labeled with date,Employees' Health,0,Other,On-site check,Wang Fang,QA Inspector,,,,85,Relax,2026-03-05,2026-03-05 15:04:00,人员卫生,O,其他,其他,2026-03
New York City,Area 1,US00009,LKUS00000009,Columbus Circle,CK-2026-1030,Area food safety Check,Check: Food compliance requirement,"Trash can lid broken, needs repair",Food,-1,Slight,On-site check,Wang Fang,QA Inspector,,,,85,Relax,2026-03-05,2026-03-05 15:04:00,有效期管理,L,L项,轻微项,2026-03
New York City,Area 1,US00009,LKUS00000009,Columbus Circle,CK-2026-1031,Store food safety self-check,Check: Water Sinks & Pipes compliance requirement,"Trash can lid broken, needs repair",Water Sinks & Pipes,-1,Slight,On-site check,Wang Fang,QA Inspector,,,,82,Relax,2026-03-04,2026-03-04 16:43:00,水务与管道,L,L项,轻微项,2026-03
New York City,Area 1,US00009,LKUS00000009,Columbus Circle,CK-2026-1031,Store food safety self-check,Check: Handwashing Standards compliance requirement,Operating license not displayed visibly,Handwashing Standards,-1,Slight,On-site check,Wang Fang,QA Inspector,,,,82,Relax,2026-03-04,2026-03-04 16:43:00,清洁消毒,L,L项,轻微项,2026-03
New York City,Area 1,US00009,LKUS00000009,Columbus Circle,CK-2026-1031,Store food safety self-check,Check: No Sign of Insect Pests compliance requirement,Equipment not properly maintained - ice machine leaking,No Sign of Insect Pests,0,Other,On-site check,Wang Fang,QA Inspector,,,,82,Relax,2026-03-04,2026-03-04 16:43:00,虫害防控,O,其他,其他,2026-03
New York City,Area 1,US00009,LKUS00000009,Columbus Circle,CK-2026-1031,Store food safety self-check,Check: Government inspection compliance requirement,Water filter replacement date overdue,Government inspection,-1,Slight,On-site check,Wang Fang,QA Inspector,,,,82,Relax,2026-03-04,2026-03-04 16:43:00,证照与规范,L,L项,轻微项,2026-03
New York City,Area 1,US00009,LKUS00000009,Columbus Circle,CK-2026-1031,Store food safety self-check,Check: No pests enter compliance requirement,Equipment not properly maintained - ice machine leaking,No pests enter,-1,Slight,On-site check,Wang Fang,QA Inspector,,,,82,Relax,2026-03-04,2026-03-04 16:43:00,虫害防控,L,L项,轻微项,2026-03
New York City,Area 1,US00009,LKUS00000009,Columbus Circle,CK-2026-1031,Store food safety self-check,Check: Workplace Safety compliance requirement,No air gap in plumbing under sink,Workplace Safety,-2,General,On-site check,Wang Fang,QA Inspector,,,,82,Relax,2026-03-04,2026-03-04 16:43:00,环境与客区,G,G项,一般项,2026-03
New York City,Area 1,US00009,LKUS00000009,Columbus Circle,CK-2026-1031,Store food safety self-check,Check: Employees' Health compliance requirement,Chemical storage area not properly labeled,Employees' Health,0,Key,On-site check,Wang Fang,QA Inspector,,,,82,Relax,2026-03-04,2026-03-04 16:43:00,人员卫生,S,S项,关键项,2026-03
New York City,Area 1,US00009,LKUS00000009,Columbus Circle,CK-2026-1031,Store food safety self-check,"Check: Operation Stand, Shelf, Cabinet and Water Sink compliance requirement",Pest trap not checked in the last 30 days,"Operation Stand, Shelf, Cabinet and Water Sink",-2,General,On-site check,Wang Fang,QA Inspector,,,,82,Relax,2026-03-04,2026-03-04 16:43:00,食品加工区域,G,G项,一般项,2026-03
New York City,Area 1,US00009,LKUS00000009,Columbus Circle,CK-2026-1031,Store food safety self-check,Check: Cross Contamination compliance requirement,Handwashing station missing soap,Cross Contamination,0,Other,On-site check,Wang Fang,QA Inspector,,,,82,Relax,2026-03-04,2026-03-04 16:43:00,食品加工区域,O,其他,其他,2026-03
New York City,Area 2,US00010,LKUS00000010,Union Square,CK-2026-1032,Store food safety self-check,Check: Product Storage Conditions compliance requirement,Chemical storage area not properly labeled,Product Storage Conditions,-1,Slight,On-site check,Zhang Wei,QA Inspector,,,,94,Pickup,2026-03-22,2026-03-22 13:56:00,温控管理,L,L项,轻微项,2026-03
New York City,Area 2,US00010,LKUS00000010,Union Square,CK-2026-1032,Store food safety self-check,Check: Approved Goods compliance requirement,Grease trap not cleaned on schedule,Approved Goods,0,Other,On-site check,Zhang Wei,QA Inspector,,,,94,Pickup,2026-03-22,2026-03-22 13:56:00,储存管理,O,其他,其他,2026-03
New York City,Area 2,US00010,LKUS00000010,Union Square,CK-2026-1032,Store food safety self-check,Check: Equipment Inspection and Maintenance compliance requirement,Grease trap not cleaned on schedule,Equipment Inspection and Maintenance,-1,Slight,On-site check,Zhang Wei,QA Inspector,,,,94,Pickup,2026-03-22,2026-03-22 13:56:00,设备与工具,L,L项,轻微项,2026-03
New York City,Area 2,US00010,LKUS00000010,Union Square,CK-2026-1032,Store food safety self-check,Check: Insect Pest Control Facilities & Suppliers compliance requirement,Employee health certificate expired,Insect Pest Control Facilities & Suppliers,-1,Slight,On-site check,Zhang Wei,QA Inspector,,,,94,Pickup,2026-03-22,2026-03-22 13:56:00,虫害防控,L,L项,轻微项,2026-03
New York City,Area 2,US00010,LKUS00000010,Union Square,CK-2026-1032,Store food safety self-check,Check: Personal certificate compliance requirement,Pest trap not checked in the last 30 days,Personal certificate,-2,General,On-site check,Zhang Wei,QA Inspector,,,,94,Pickup,2026-03-22,2026-03-22 13:56:00,人员卫生,G,G项,一般项,2026-03
New York City,Area 2,US00010,LKUS00000010,Union Square,CK-2026-1032,Store food safety self-check,Check: Employees' Health compliance requirement,Grease trap not cleaned on schedule,Employees' Health,-1,Slight,On-site check,Zhang Wei,QA Inspector,,,,94,Pickup,2026-03-22,2026-03-22 13:56:00,人员卫生,L,L项,轻微项,2026-03
New York City,Area 2,US00010,LKUS00000010,Union Square,CK-2026-1032,Store food safety self-check,Check: Insect Pest Control Facilities & Suppliers compliance requirement,Chemical storage area not properly labeled,Insect Pest Control Facilities & Suppliers,0,Other,On-site check,Zhang Wei,QA Inspector,,,,94,Pickup,2026-03-22,2026-03-22 13:56:00,虫害防控,O,其他,其他,2026-03
New York City,Area 2,US00010,LKUS00000010,Union Square,CK-2026-1032,Store food safety self-check,Check: Food Processing Area compliance requirement,Cross contamination risk: raw and cooked food stored together,Food Processing Area,0,Other,On-site check,Zhang Wei,QA Inspector,,,,94,Pickup,2026-03-22,2026-03-22 13:56:00,食品加工区域,O,其他,其他,2026-03
New York City,Area 2,US00010,LKUS00000010,Union Square,CK-2026-1032,Store food safety self-check,Check: Facility Inspection and Maintenance compliance requirement,Food items stored directly on floor,Facility Inspection and Maintenance,-1,Slight,On-site check,Zhang Wei,QA Inspector,,,,94,Pickup,2026-03-22,2026-03-22 13:56:00,设备与工具,L,L项,轻微项,2026-03
New York City,Area 2,US00010,LKUS00000010,Union Square,CK-2026-1032,Store food safety self-check,Check: Disposable Gloves and Blue Bandages compliance requirement,Water filter replacement date overdue,Disposable Gloves and Blue Bandages,-1,Slight,On-site check,Zhang Wei,QA Inspector,,,,94,Pickup,2026-03-22,2026-03-22 13:56:00,清洁消毒,L,L项,轻微项,2026-03
New York City,Area 2,US00010,LKUS00000010,Union Square,CK-2026-1032,Store food safety self-check,Check: Handwashing Standards compliance requirement,Grease trap not cleaned on schedule,Handwashing Standards,-1,Slight,On-site check,Zhang Wei,QA Inspector,,,,94,Pickup,2026-03-22,2026-03-22 13:56:00,清洁消毒,L,L项,轻微项,2026-03
New York City,Area 2,US00010,LKUS00000010,Union Square,CK-2026-1032,Store food safety self-check,Check: Avoidance of Falling Foreign Objects compliance requirement,Handwashing station missing soap,Avoidance of Falling Foreign Objects,-2,General,On-site check,Zhang Wei,QA Inspector,,,,94,Pickup,2026-03-22,2026-03-22 13:56:00,食品加工区域,G,G项,一般项,2026-03
New York City,Area 2,US00010,LKUS00000010,Union Square,CK-2026-1032,Store food safety self-check,Check: Cross Contamination compliance requirement,Food item past expiration date found in storage area,Cross Contamination,0,Other,On-site check,Zhang Wei,QA Inspector,,,,94,Pickup,2026-03-22,2026-03-22 13:56:00,食品加工区域,O,其他,其他,2026-03
New York City,Area 2,US00010,LKUS00000010,Union Square,CK-2026-1032,Store food safety self-check,Check: Trash Cans compliance requirement,Employee health certificate expired,Trash Cans,-5,Important,On-site check,Zhang Wei,QA Inspector,,,,94,Pickup,2026-03-22,2026-03-22 13:56:00,环境与客区,M,M项,重要项,2026-03
New York City,Area 2,US00010,LKUS00000010,Union Square,CK-2026-1033,Store food safety audit,Check: Food compliance requirement,Temperature log not completed for refrigerator,Food,0,Other,On-site check,Zhang Wei,QA Inspector,,,,80,Pickup,2026-03-12,2026-03-12 11:01:00,有效期管理,O,其他,其他,2026-03
New York City,Area 2,US00010,LKUS00000010,Union Square,CK-2026-1033,Store food safety audit,Check: Insect Pest Control Facilities & Suppliers compliance requirement,Equipment not properly maintained - ice machine leaking,Insect Pest Control Facilities & Suppliers,0,Other,On-site check,Zhang Wei,QA Inspector,,,,80,Pickup,2026-03-12,2026-03-12 11:01:00,虫害防控,O,其他,其他,2026-03
New York City,Area 2,US00010,LKUS00000010,Union Square,CK-2026-1033,Store food safety audit,Check: Operating Specifications compliance requirement,Handwashing station missing soap,Operating Specifications,-1,Slight,On-site check,Zhang Wei,QA Inspector,,,,80,Pickup,2026-03-12,2026-03-12 11:01:00,证照与规范,L,L项,轻微项,2026-03
New York City,Area 2,US00010,LKUS00000010,Union Square,CK-2026-1033,Store food safety audit,Check: Storage/Maintenance of Utensils compliance requirement,Food items stored directly on floor,Storage/Maintenance of Utensils,-2,General,On-site check,Zhang Wei,QA Inspector,,,,80,Pickup,2026-03-12,2026-03-12 11:01:00,设备与工具,G,G项,一般项,2026-03
New York City,Area 2,US00010,LKUS00000010,Union Square,CK-2026-1033,Store food safety audit,Check: Government inspection compliance requirement,Water filter replacement date overdue,Government inspection,-1,Slight,On-site check,Zhang Wei,QA Inspector,,,,80,Pickup,2026-03-12,2026-03-12 11:01:00,证照与规范,L,L项,轻微项,2026-03
New York City,Area 2,US00010,LKUS00000010,Union Square,CK-2026-1033,Store food safety audit,Check: Water Filtration Device compliance requirement,Employee health certificate expired,Water Filtration Device,-2,General,On-site check,Zhang Wei,QA Inspector,,,,80,Pickup,2026-03-12,2026-03-12 11:01:00,水务与管道,G,G项,一般项,2026-03
New York City,Area 1,US00001,LKUS00000001,Times Square,CK-2026-9999,US Store Food Safety Audit,Full audit check,,Equipment and Food Processing Utensils,0,Other,On-site check,External Auditor,Senior Auditor,,,,-192,Pickup,2026-03-20,2026-03-20 14:30:00,设备与工具,O,其他,其他,2026-03
